id,article_id,article_name,number_requested,created_at,article_type,language,original_article_id,news_blob_uri
464,39eaf42a-9c11-463d-8890-4f0ba71602c8,WeWow Creepy Crawly Week - Day 5: Roach Revue (10/31/25),1,2025-10-31 18:28:06.298305,News and Politics,en,,news/39eaf42a-9c11-463d-8890-4f0ba71602c8.zip
2,81835fab-0f26-47a4-bbb8-e98952a2b36f,News Article,1,2025-08-12 03:31:13.20683,Others,en,,news/81835fab-0f26-47a4-bbb8-e98952a2b36f.zip
3,3d32c81d-2704-4932-ba18-f02154b89152,News Article,1,2025-08-12 13:32:34.811005,Others,en,,news/3d32c81d-2704-4932-ba18-f02154b89152.zip
5,59e9b566-3dcc-495f-9b6c-c9e3cfd8e6a7,News Article,1,2025-08-12 14:25:24.404017,Others,en,,news/59e9b566-3dcc-495f-9b6c-c9e3cfd8e6a7.zip
7,a19bdd9c-e46a-4f35-bf0a-d1182f0faa9a,News Article,1,2025-08-12 19:10:57.726968,Others,en,,news/a19bdd9c-e46a-4f35-bf0a-d1182f0faa9a.zip
8,c8e5ef0d-458d-4593-839b-c2e765859415,News Article,1,2025-08-12 19:40:53.288753,Others,en,,news/c8e5ef0d-458d-4593-839b-c2e765859415.zip
10,9c6dbd9b-b83e-4a94-b73c-783f71f1dbb5,News Article,1,2025-08-12 21:37:19.625795,Others,en,,news/9c6dbd9b-b83e-4a94-b73c-783f71f1dbb5.zip
11,584ffb9c-5173-4ff0-b335-4337dd28480b,News Article,1,2025-08-12 22:11:38.287908,Others,en,,news/584ffb9c-5173-4ff0-b335-4337dd28480b.zip
13,a2a76717-fab2-4d58-abc3-5a27f987e751,SCOTUS explained by Kimberly Atkins Stohr by Kimberly Atkins,1,2025-08-13 03:01:47.724817,Others,en,,news/a2a76717-fab2-4d58-abc3-5a27f987e751.zip
15,d1642006-f4a0-4b04-aa83-1b1492d53d46,SCOTUS explained by Kimberly Atkins Stohr by Kimberly Atkins Stohr,1,2025-08-13 03:43:32.67422,Others,en,,news/d1642006-f4a0-4b04-aa83-1b1492d53d46.zip
17,5873a5c3-8bb9-4ca8-8be7-be97a6c6def9,"The day after his 2017 inauguration, Bowser addressed the Women’s March protest in a pink hat and led the crowd in a chant of “Leave us alone.” When Trump attacked her and Democratic New York Representative Alexandria Ocasio-Cortez, Bowser declared on Twi",1,2025-08-13 15:12:23.790287,Others,en,,news/5873a5c3-8bb9-4ca8-8be7-be97a6c6def9.zip
18,2e8385a8-52a1-4c67-b990-cf1ec8fbb672,D.C. Mayor Muriel Bowser tried two different ways of dealing with Trump. Both had the same result. by Jim Puzzanghera,1,2025-08-13 15:24:01.885191,Others,en,,news/2e8385a8-52a1-4c67-b990-cf1ec8fbb672.zip
19,04038c74-2ca6-4011-91fc-2f101211d370,Immigration roundups! Tariffs! Bombing Iran! Dismantling DEI! Barrage from Trump leaves many tuning everything out. by Danny McDonald,1,2025-08-13 15:28:45.153888,Others,en,,news/04038c74-2ca6-4011-91fc-2f101211d370.zip
20,345b828e-2ce3-40f6-bbab-cf312ac83eac,Pentagon plan would create military ‘reaction force’ for civil unrest by Alex Horton and David Ovalle The Washington,1,2025-08-13 15:32:29.436886,Others,en,,news/345b828e-2ce3-40f6-bbab-cf312ac83eac.zip
22,ff83f8c7-f6a6-4ad4-a575-99018283a9d5,"“Loose covenants help borrowers postpone hard defaults (such as bankruptcies or missed debt payments) but erode a company’s value by the time a bankruptcy is inevitable,” Moody’s pointed out in April. “In some cases, weaker credit protections enable debt ",1,2025-08-13 16:20:40.058429,Others,en,,news/ff83f8c7-f6a6-4ad4-a575-99018283a9d5.zip
23,085d6257-a56b-410c-ab47-8aa2f5197eaa,"Like all new hires, my first 30 days involved shadowing the team, getting familiar with our processes, and practicing using static analysis tools by running them against an open-source project of my choosing. I chose to focus on AI software that was in sc",1,2025-08-13 16:56:26.713156,Others,en,,news/085d6257-a56b-410c-ab47-8aa2f5197eaa.zip
24,bf0d398b-d8d2-4763-a92a-9c7f6c450a1b,Uncovering memory corruption in NVIDIA Triton (as a new hire),1,2025-08-13 17:03:52.794168,Others,en,,news/bf0d398b-d8d2-4763-a92a-9c7f6c450a1b.zip
25,febeee75-b7c6-4f76-9ae9-5a976613a0cc,Uncovering memory corruption in NVIDIA Triton (as a new hire),1,2025-08-13 17:09:11.668563,Others,en,,news/febeee75-b7c6-4f76-9ae9-5a976613a0cc.zip
26,7ffd9cf8-8e66-4797-a3e9-7addd7eb277f,Future of Tech drones/smartphones venn infographic,1,2025-08-13 17:31:43.6519,Others,en,,news/7ffd9cf8-8e66-4797-a3e9-7addd7eb277f.zip
27,2e09d1de-87d2-4f32-af1f-8c2930d9c8b6,"Support nonprofit, nonpartisan news in Newton. GIVE TODAY.",1,2025-08-13 17:49:18.042255,Others,en,,news/2e09d1de-87d2-4f32-af1f-8c2930d9c8b6.zip
28,9c76559e-7466-4dc4-87f8-b6e701f1a490,"Support nonprofit, nonpartisan news in Newton. GIVE TODAY.",1,2025-08-13 18:35:48.108478,Others,en,,news/9c76559e-7466-4dc4-87f8-b6e701f1a490.zip
30,b4320dff-2d78-4a85-8331-ac7b68671e9c,"Lipof, Lobovits not seeking reelection",1,2025-08-13 18:48:27.562987,Others,en,,news/b4320dff-2d78-4a85-8331-ac7b68671e9c.zip
31,5593d215-682c-47d3-abf5-358d96ec65b1,Town officials start planning for possible override on May 2026 ballot,1,2025-08-13 18:51:00.527761,Others,en,,news/5593d215-682c-47d3-abf5-358d96ec65b1.zip
33,61f16567-bef6-4b93-8597-74c553be2eed,Residential real estate sales in Brookline from July 14 to July 25,1,2025-08-13 19:07:10.131787,Others,en,,news/61f16567-bef6-4b93-8597-74c553be2eed.zip
34,d6959d1c-a4b0-4aec-b199-6f9d1595566e,live: Trump administration by Tom Dundon,1,2025-08-13 19:18:44.647599,Others,en,,news/d6959d1c-a4b0-4aec-b199-6f9d1595566e.zip
35,6efa4386-1168-427d-8795-f68f913b6c24,live: Trump administration by Tom Dundon,1,2025-08-13 19:41:51.539728,Others,en,,news/6efa4386-1168-427d-8795-f68f913b6c24.zip
37,860be4b6-2013-48f5-a7c3-c1065581a683,‘New Heights’ podcast by Tom Dundon,1,2025-08-13 20:05:14.6988,Others,en,,news/860be4b6-2013-48f5-a7c3-c1065581a683.zip
38,701707a0-6ec9-40ea-8ed3-168b39dd9ecf,‘New Heights’ podcast by Tom Dundon,1,2025-08-13 20:09:57.888412,Others,en,,news/701707a0-6ec9-40ea-8ed3-168b39dd9ecf.zip
40,8e186874-5b2e-40b0-8c4f-985759dd1de0,Trump and Putin will meet at an Alaska military base long used to counter Russia by Tom Dundon,1,2025-08-14 01:14:29.828715,Others,en,,news/8e186874-5b2e-40b0-8c4f-985759dd1de0.zip
41,01333b46-e546-43fa-8bd8-1ee871f42362,"Updated 3:10 PM EDT, August 13, 2025 by KONSTANTIN TOROPIN and MICHELLE L. PRICE",1,2025-08-14 02:23:26.279936,Others,en,,news/01333b46-e546-43fa-8bd8-1ee871f42362.zip
42,4d3a8984-a4c7-416c-ab5c-fc7739ff4be2,"",1,2025-08-14 02:47:42.17337,Others,en,,news/4d3a8984-a4c7-416c-ab5c-fc7739ff4be2.zip
44,63646627-a6aa-480b-b0d0-2179108b04d1,"",1,2025-08-14 03:31:50.38567,Others,en,,news/63646627-a6aa-480b-b0d0-2179108b04d1.zip
45,fba24859-a85b-41be-9de1-2bd2d1e852af,schedul,1,2025-08-14 03:36:57.403453,Others,en,,news/fba24859-a85b-41be-9de1-2bd2d1e852af.zip
570,5799a78d-91f8-42b8-9ccd-537721ee6fc1,Advice Line with Tariq Farid of Edible Arrangements,1,2025-11-07 16:02:39.451917,Business and Investment,en,,news/5799a78d-91f8-42b8-9ccd-537721ee6fc1.zip
49,ed1a3be0-202e-4193-877a-777591336f28,Newton North student takes on food waste in schools by Alex Degterev,1,2025-08-14 17:32:05.029734,Others,en,,news/ed1a3be0-202e-4193-877a-777591336f28.zip
51,67ca4e09-158b-4f49-ad3d-3c6381d00a2c,"Christine Fisher talks budgets, excellence and a School Committee run by Elizabeth Plese",1,2025-08-14 19:02:32.225917,Others,en,,news/67ca4e09-158b-4f49-ad3d-3c6381d00a2c.zip
52,b2a7ca31-01e6-4af3-b1d7-efde58449259,Crime Keeps Falling. Here’s Why. by The Editorial Board,1,2025-08-15 12:32:53.285013,Others,en,,news/b2a7ca31-01e6-4af3-b1d7-efde58449259.zip
54,040e3298-d101-442e-a3d7-7c4f2105cfbf,"Switzerland Joins Italy, Netherlands, Greece, Portugal and More As UK Issues New Travel Advisory for Summer and Fall 2025: Here’s Everything You Need To Know by [empty]",1,2025-08-17 15:28:54.612426,Others,en,,news/040e3298-d101-442e-a3d7-7c4f2105cfbf.zip
55,eb48ac8a-30a6-475b-8080-57c48eb7ebb3,"Switzerland Joins Italy, Netherlands, Greece, Portugal and More As UK Issues New Travel Advisory for Summer and Fall 2025: Here’s Everything You Need To Know",1,2025-08-17 18:06:00.63294,Others,en,,news/eb48ac8a-30a6-475b-8080-57c48eb7ebb3.zip
56,c02ffec0-81dc-4e50-91e2-0c6e9ec21e18,"Switzerland Joins Italy, Netherlands, Greece, Portugal and More As UK Issues New Travel Advisory for Summer and Fall 2025: Here’s Everything You Need To Know",1,2025-08-17 19:20:04.94008,Others,en,,news/c02ffec0-81dc-4e50-91e2-0c6e9ec21e18.zip
58,3b01fb16-9f27-4715-be25-b014122b2f26,"Switzerland Joins Italy, Netherlands, Greece, Portugal and More As UK Issues New Travel Advisory for Summer and Fall 2025: Here’s Everything You Need To Know",1,2025-08-17 19:54:29.433472,Others,en,,news/3b01fb16-9f27-4715-be25-b014122b2f26.zip
59,38e5e668-47e5-4ae4-b5ce-cd8c4fcb2966,‘I’m glad Mitch is leaving’: Fight to replace McConnell in Senate may be about who rejects his legacy by Sam Brodey Globe Staff,1,2025-08-17 20:02:48.282428,Others,en,,news/38e5e668-47e5-4ae4-b5ce-cd8c4fcb2966.zip
60,1d80d244-958c-4184-9420-107081cb09dc,’ Suffolk Sheriff Steven Tompkins relies heavily on employees for campaign donations by Matt Stout and Danny McDonald Globe Staff,1,2025-08-17 20:17:08.058827,Others,en,,news/1d80d244-958c-4184-9420-107081cb09dc.zip
62,c0f48779-9ab4-44fa-a19e-06f8e80485a7,Watch live as European and NATO leaders join Ukrainian President Volodymyr Zelenskyy in Washington to present a united front in talks with U,1,2025-08-18 16:06:27.180952,Others,en,,news/c0f48779-9ab4-44fa-a19e-06f8e80485a7.zip
63,f8615047-4cfd-4188-ac45-44392e3ada50,Watch live as European and NATO leaders join Ukrainian President Volodymyr Zelenskyy in Washington to present a united front in talks with U,1,2025-08-18 16:27:08.521357,Others,en,,news/f8615047-4cfd-4188-ac45-44392e3ada50.zip
64,559cfde7-20d7-4125-9ad4-00fa78225d67,Watch live as European and NATO leaders join Ukrainian President Volodymyr Zelenskyy in Washington to present a united front in talks with U,1,2025-08-18 16:54:34.416893,Others,en,,news/559cfde7-20d7-4125-9ad4-00fa78225d67.zip
65,4310fc58-330e-4bdb-b777-34b170ce4817,Watch live as European and NATO leaders join Ukrainian President Volodymyr Zelenskyy in Washington to present a united front in talks with U,1,2025-08-18 17:28:33.21528,Others,en,,news/4310fc58-330e-4bdb-b777-34b170ce4817.zip
66,172a29be-6fa4-4fa0-b851-d166a4b6ebca,"Ahead of Monday’s White House meetings, Trump took",1,2025-08-18 18:31:31.161141,Others,en,,news/172a29be-6fa4-4fa0-b851-d166a4b6ebca.zip
67,5b9336d2-33f4-426a-b8f9-df5836a660d6,"Ahead of Monday’s White House meetings, Trump took",1,2025-08-18 19:57:46.7917,Others,en,,news/5b9336d2-33f4-426a-b8f9-df5836a660d6.zip
69,ae1d333c-b188-4a15-99ed-766e27d4ef0f,"free community college presses on, transforming students’ lives by Mara Kardas-Nelson and Diti Kohli Globe Staff",1,2025-08-19 03:07:27.827016,Others,en,,news/ae1d333c-b188-4a15-99ed-766e27d4ef0f.zip
70,637b8ca4-9ef9-482d-aa3e-3356d36c59e1,"free community college presses on, transforming students’ lives by Mara Kardas-Nelson and Diti Kohli Globe Staff",1,2025-08-19 03:22:16.095421,Others,en,,news/637b8ca4-9ef9-482d-aa3e-3356d36c59e1.zip
71,c3cfeb0b-ad73-4a04-bbe8-ba3482d5d60c,"free community college presses on, transforming students’ lives by Mara Kardas-Nelson and Diti Kohli Globe Staff",1,2025-08-19 03:31:49.518973,Others,en,,news/c3cfeb0b-ad73-4a04-bbe8-ba3482d5d60c.zip
73,b28762bc-2739-4e17-a5ca-1788c2489de4,Ukrainian President Volodymyr Zelenskyy and President Donald Trump hope that their critical meeting with European leaders at the White House could lead to three-party talks with Russian President Vladimir Putin to bring an end to his war on Ukraine,1,2025-08-19 19:02:18.844383,Others,en,,news/b28762bc-2739-4e17-a5ca-1788c2489de4.zip
74,598683b5-c1f5-4172-9148-55cde4289483,Ukrainian President Volodymyr Zelenskyy and President Donald Trump hope that their critical meeting with European leaders at the White House could lead to three-party talks with Russian President Vladimir Putin to bring an end to his war on Ukraine,1,2025-08-19 19:47:51.840242,Others,en,,news/598683b5-c1f5-4172-9148-55cde4289483.zip
75,cef768ce-e462-442a-ae2b-8ece9a1a2178,This conversation is being recorded: Trump’s hot mic moment is the latest in a long global list,1,2025-08-19 20:39:48.205191,Others,en,,news/cef768ce-e462-442a-ae2b-8ece9a1a2178.zip
76,b30cb674-a290-450d-a6cd-02b38363a90b,This conversation is being recorded: Trump’s hot mic moment is the latest in a long global list,1,2025-08-19 21:29:57.360906,Others,en,,news/b30cb674-a290-450d-a6cd-02b38363a90b.zip
78,b50620eb-99c9-4b6d-9e98-b14a37f68d9d,"As the pricey weight-loss drugs go mainstream, jealousy and judgment follow by Beth Teitell Globe Staff",1,2025-08-20 13:26:09.713047,Others,en,,news/b50620eb-99c9-4b6d-9e98-b14a37f68d9d.zip
79,9b23090c-bd5d-4a06-ab8b-a96d25661324,"As the pricey weight-loss drugs go mainstream, jealousy and judgment follow by Beth Teitell Globe Staff",1,2025-08-20 13:40:38.089136,Others,en,,news/9b23090c-bd5d-4a06-ab8b-a96d25661324.zip
80,9afc2aac-69c9-41a9-8061-f97a405c8990,"As the pricey weight-loss drugs go mainstream, jealousy and judgment follow by Beth Teitell Globe Staff",1,2025-08-20 14:29:04.826663,Others,en,,news/9afc2aac-69c9-41a9-8061-f97a405c8990.zip
82,9a5fe19b-b00b-4f37-ae08-793966ae4d10,Wealthy households are driving Boston’s rising income segregation by Katarina Schmeiszer Globe Correspondent,1,2025-08-20 15:55:07.829813,Others,en,,news/9a5fe19b-b00b-4f37-ae08-793966ae4d10.zip
249,df402a75-271c-4efb-942b-b584733e9a7f,"Robot Ransom: Hold an entire fleet hostage by canceling all their tasks Make robots go to wrong locations repeatedly Demand payment to stop the chaos (some of their robots have screens, so an attacker could put a bitcoin qr code and text saying ""pay 69 bi",1,2025-09-18 15:52:02.743544,Education and Learning,en,,news/df402a75-271c-4efb-942b-b584733e9a7f.zip
84,18410524-fbb4-42db-bb8b-9412b7d44d24,Wealthy households are driving Boston’s rising income segregation by Katarina Schmeiszer Globe Correspondent,1,2025-08-20 19:43:53.851329,Others,en,,news/18410524-fbb4-42db-bb8b-9412b7d44d24.zip
86,f3e0dc12-3a61-4fb9-8f8c-a881c3abce38,"Miss Hall’s School failed to stop teacher from sexually abusing five students over 20 years, independent investigator finds by John R. Ellement Globe Staff",1,2025-08-20 22:38:55.704917,Others,en,,news/f3e0dc12-3a61-4fb9-8f8c-a881c3abce38.zip
87,f99ef80f-692a-4798-9554-d2d3123a423f,"Miss Hall’s School failed to stop teacher from sexually abusing five students over 20 years, independent investigator finds by John R. Ellement Globe Staff",1,2025-08-20 23:14:25.505206,Others,en,,news/f99ef80f-692a-4798-9554-d2d3123a423f.zip
88,bf413c53-1184-4cf8-9449-aaef8e092e5d,"Miss Hall’s School failed to stop teacher from sexually abusing five students over 20 years, independent investigator finds by John R. Ellement Globe Staff",1,2025-08-20 23:25:24.624738,Others,en,,news/bf413c53-1184-4cf8-9449-aaef8e092e5d.zip
89,481af8e0-b75c-4749-8c22-05138f73e25e,"Miss Hall’s School failed to stop teacher from sexually abusing five students over 20 years, independent investigator finds by John R. Ellement Globe Staff",1,2025-08-20 23:34:30.431775,Others,en,,news/481af8e0-b75c-4749-8c22-05138f73e25e.zip
90,930988f9-d0d0-4074-9d2f-c9912cb9e58a,https://thedailyrip.stocktwits.com/,1,2025-08-21 16:33:16.401556,Others,en,,news/930988f9-d0d0-4074-9d2f-c9912cb9e58a.zip
132,1d263e75-21c7-4867-bce6-28c58e9f5e89,"By making public two days worth of interviews, officials appear to be hoping to at least temporarily keep at bay sustained anger from President Donald Trump's base even as they continue to sit on other evidence they had suggested was being prepared for pu",1,2025-08-22 19:39:12.216939,Others,en,,news/1d263e75-21c7-4867-bce6-28c58e9f5e89.zip
133,747baaa0-0ddc-4bc0-8b76-a187dd495495,"Bolton, who emerged as an outspoken critic of President Donald Trump after being fired in 2019 and fought with the first Trump administration over a scathing book he wrote documenting his time in the White House, was not in custody Friday and has not been",1,2025-08-22 19:39:20.764122,Others,en,,news/747baaa0-0ddc-4bc0-8b76-a187dd495495.zip
134,b23946c4-4a15-47e4-b7e8-a3d24090ffc1,"The company added that the man on its former logo, known as Uncle Herschel, “remains front and center in our restaurants and on our menu,"" as he represents “The Herschel Way,” which is “the foundation of how our 70,000 plus employees provide the country h",1,2025-08-22 19:39:32.935237,Others,en,,news/b23946c4-4a15-47e4-b7e8-a3d24090ffc1.zip
135,116798f1-bf04-4941-9c49-bb24bbb4a3e6,"21 Erik and his brother, Lyle Menendez, were convicted of killing their parents, José Menendez and Kitty Menendez In May 2025, a California judge changed their sentences and made them eligible for parole Erik Menendez was denied parole in connection with ",1,2025-08-22 19:39:38.759843,Others,en,,news/116798f1-bf04-4941-9c49-bb24bbb4a3e6.zip
136,c95eec70-3cdb-4ecf-8eba-395f005a6222,"Powell fires up markets, but some investors see reason for caution Davide Barbuscia, Laura Matthews and Lewis Krauskopf Fri, Aug 22, 2025, 11:52 AM 4 min read By Davide Barbuscia, Laura Matthews and Lewis Krauskopf NEW YORK (Reuters) -Investors cheered Fe",1,2025-08-22 19:39:52.303303,Others,en,,news/c95eec70-3cdb-4ecf-8eba-395f005a6222.zip
138,16864f19-1788-4464-8a96-3ee50396efe2,"The FBI searched former national security adviser John Bolton's house in Bethesda, Maryland, early Friday morning, the bureau confirmed to CBS News by of the building",1,2025-08-22 19:40:09.171947,Others,en,,news/16864f19-1788-4464-8a96-3ee50396efe2.zip
139,a42a0004-44b7-455f-b34e-76a5db8a4249,"- WGRZ Multiple fatalities, including children, were reported Friday after a tour bus with about 50 passengers headed back to New York City from Niagara Falls crashed into a ditch, state police said",1,2025-08-22 19:40:17.626287,Others,en,,news/a42a0004-44b7-455f-b34e-76a5db8a4249.zip
140,0cf575a8-87a0-4950-b14d-5356bbf8305a,"Donna Adelson , 75, once accustomed to a life of luxury in Miami, faces a first-degree murder charge as well as conspiracy and solicitation to commit first-degree murder for the 2014 death of Dan Markel, who was fatally shot twice in the head while in his",1,2025-08-22 19:40:22.551489,Others,en,,news/0cf575a8-87a0-4950-b14d-5356bbf8305a.zip
141,956b4cd0-fbe1-427c-afae-41f6dd9c1245,"Story by Todd Kelly, Nick Stavas and Tim Schmitt, Golfweek August 22, 2025 at 12:01 PM UTC · 12 min read The final leg of the FedEx Cup Playoffs is off and running and the 2025 Tour Championship has moved to the second round by Todd Kelly",1,2025-08-22 21:30:33.528642,Others,en,,news/956b4cd0-fbe1-427c-afae-41f6dd9c1245.zip
142,19cadb61-63f0-4058-a9a7-78bb41d4b17b,"Story by © Stan Szeto-Imagn Images Kendall Capps August 22, 2025 at 6:36 PM UTC · 4 min read The post Grading the 49ers-Commanders Brian Robinson Jr by © Stan Szeto-Imagn Images Kendall Capps August 22",1,2025-08-22 21:30:53.243481,Others,en,,news/19cadb61-63f0-4058-a9a7-78bb41d4b17b.zip
144,81ed2ff7-5928-4929-99d5-ec6312dbece2,"Kilmar Abrego Garcia was released from detention on Friday and headed back to his home state of Maryland, the latest move in a months-long saga that has become a symbol of President Trump's crackdown on undocumented immigrants by ICE yet again. What happe",1,2025-08-22 21:31:00.805791,Others,en,,news/81ed2ff7-5928-4929-99d5-ec6312dbece2.zip
145,53c8bab3-7df3-499c-866f-56b3bb23ce08,"/ Credit: Kent Nishimura/Bloomberg via Getty Images Intelligence committee leaders in Congress were informed about the DIA chief's firing, according to a source familiar with the notification, but were given no reason for it by a matter of months",1,2025-08-22 21:31:11.112201,Others,en,,news/53c8bab3-7df3-499c-866f-56b3bb23ce08.zip
146,7150d871-ed5c-41fe-90fd-b65a25fe254a,- City of Uvalde Uvalde school officials are withholding documents about classroom security and a payout to the sacked police chief even after a court ordered such documents released in the wake of the May 2022 massacre at Robb Elementary School in Texas ,1,2025-08-22 21:31:17.355241,Others,en,,news/7150d871-ed5c-41fe-90fd-b65a25fe254a.zip
147,050cdb53-8e9d-400f-adee-431c174be281,"22, President Donald Trump's former national security adviser John Bolton's Maryland home was raided by the FBI Bolton previously wrote a tell-all about his time working in the White House, and was sued by the Justice Department, which claimed he was writ",1,2025-08-22 22:23:01.282656,Others,en,,news/050cdb53-8e9d-400f-adee-431c174be281.zip
257,42cee7f5-2e74-47bb-8954-5f4946285ed1,API 01:2019 — Broken object level authorization API 02:2019 — Broken authentication API 03:2019 — Excessive data exposure API 04:2019 — Lack of resources and rate limiting API 05:2019 — Broken function level authorization API 06:2019 — Mass assignment API,1,2025-09-18 15:53:16.897425,Technology,en,,news/42cee7f5-2e74-47bb-8954-5f4946285ed1.zip
734,d4a39b1c-2b16-4855-bbd1-af780f3e3d3c,A New Way to Think: Roger Martin,1,2025-11-20 18:14:37.251619,Business and Investment,en,,news/d4a39b1c-2b16-4855-bbd1-af780f3e3d3c.zip
149,0f2c9410-e0ee-4e8c-8ce7-dbe397a90c52,"The Tigers enter Friday night's game against the Kansas City Royals having won 10 of their last 13 games, including a massive sweep of the Houston Astros in the three games before the series against the Royals by Andrew Birkle",1,2025-08-22 22:23:14.352519,Others,en,,news/0f2c9410-e0ee-4e8c-8ce7-dbe397a90c52.zip
150,0b5f8045-ad89-4730-9879-be25a9fb12a0,"The release of the transcripts came as the Justice Department also turned over thousands of pages of files in the Epstein case to the House Oversight Committee, which said it would publish, after child sexual abuse material and any information identifying",1,2025-08-22 22:23:20.622016,Others,en,,news/0b5f8045-ad89-4730-9879-be25a9fb12a0.zip
151,cac20923-3452-4d8a-8b3d-cc7e0977e7f5,US District Judge Kathleen Williams issued a preliminary injunction in a federal lawsuit filed by environmental groups and a Native American tribe who are concerned about the impact the facility will have on the environmentally sensitive area by environme,1,2025-08-22 22:23:30.061631,Others,en,,news/cac20923-3452-4d8a-8b3d-cc7e0977e7f5.zip
153,14f61b34-201d-45bf-8aef-698a4c0c087b,"Kevin Travers August 22, 2025 • Reading Time: 12 minutes Presented by CLOSING BELL Powell's 'Maybe' Defibulator The market closed higher after a whiff of interest rate cuts came out of FOMC head Jerome Powell’s Jackson Hole monetary policy speech by Stock",1,2025-08-24 03:43:00.920575,Business and Investment,en,,news/14f61b34-201d-45bf-8aef-698a4c0c087b.zip
154,935deb3c-9c2e-4208-9d27-5ecbdd4ac79c,"🤷 The crackdown brings memories of the backlash against the perceived backlash to an American Apparel ad featuring Sydney Sweeney in jeans earlier this year, and even the Anheuser-Busch advertising controversy in 2023 over a transgender influencer sent fr",1,2025-08-24 03:43:16.76655,Business and Investment,en,,news/935deb3c-9c2e-4208-9d27-5ecbdd4ac79c.zip
156,9223ad4d-c1a6-41ad-8a1e-f4663ff247e0,"Theme: Its the domain expertise that matters Special thanks to our sponsor… Liked by Michiel Maaskant I joined Carmen Lilly on the S&P Global ""IR In Focus"" podcast to discuss why retail investors have turned into a formidable force in the market and… I jo",1,2025-08-24 03:43:38.066468,Technology,en,,news/9223ad4d-c1a6-41ad-8a1e-f4663ff247e0.zip
157,6d2bfb86-f2d6-4f19-b6f5-8b8992bfbdba,Ashley Louise Developing Strategic Growth Plans for Startups and Entrepreneurs | Co-Founder @ Ladies Get Paid | ex IAC & Vimeo | Twin Mom | Congenital Heart Disease Advocate 1d Report this comment we know who would cc Saira Rahman 😂 Like Reply 1 Reaction ,1,2025-08-24 03:43:52.491723,Business and Investment,en,,news/6d2bfb86-f2d6-4f19-b6f5-8b8992bfbdba.zip
158,61722408-7681-42d6-8fe7-8cd04fbfdd28,"Stocktwits 12,473 followers 1d Report this post 🟡 DAILY RIP LIVE - FAFO FRIDAY WITH JORDAN LEE, MICHAEL NAUSS, & LIA THE TRADER 🟡 DAILY RIP LIVE - WITH JORDAN LEE, MICHAEL NAUSS, & LIA THE TRADER www",1,2025-08-24 03:44:00.025064,Technology,en,,news/61722408-7681-42d6-8fe7-8cd04fbfdd28.zip
159,0aa8388a-9dfa-4791-bbcb-2d092bc12ae6,"Story by Michael David Smith August 25, 2025 at 3:59 PM UTC · 1 min read NFL teams are cutting from their 90-player training camp rosters to the 53-man roster limit for the regular season, and we'll be regularly updating this space with links to all our p",1,2025-08-25 18:23:02.949574,Business and Investment,en,,news/0aa8388a-9dfa-4791-bbcb-2d092bc12ae6.zip
160,b4e0c004-d1df-4e5f-82b5-05c0bb169da0,"Raja Jackson, the son of former UFC light heavyweight champion Quinton ""Rampage"" Jackson, appeared to brutally assault a professional wrestler at an independent wrestling event in California on Saturday by Raja Jackson",1,2025-08-25 18:23:09.090787,Technology,en,,news/b4e0c004-d1df-4e5f-82b5-05c0bb169da0.zip
162,7dce0671-2bc8-40ba-b502-91dbffe7443a,"""It is with love and gratitude that we, the family of Malik Taylor, acknowledge the incredible support and kindness shown following his untimely passing due to a tragic vehicle accident,"" Taylor's family said in a statement on Aug by his business fraterni",1,2025-08-25 18:23:19.068767,Technology,en,,news/7dce0671-2bc8-40ba-b502-91dbffe7443a.zip
163,ce04f9b2-9a24-4db8-a34a-dc415ded66d5,"Despite a hectic start to his second term, President Donald Trump's current approval rating and popularity remain higher than his first term , which averaged 42 by age",1,2025-08-25 18:23:22.612803,News and Politics,en,,news/ce04f9b2-9a24-4db8-a34a-dc415ded66d5.zip
164,8646d226-ac36-43b7-abdd-e273b4d17bd7,"I was on autopilot last Thursday when I pulled into a gas station in Takoma Park, Maryland, and annoyed with how the pit stop would add time to my commute to CNN’s office in Washington, DC by Montgomery County. They all agreed to ask around and see if my ",1,2025-08-25 18:23:30.463302,Others,en,,news/8646d226-ac36-43b7-abdd-e273b4d17bd7.zip
165,22573b65-fafa-4924-a49c-770b97de151e,"- Luke Johnson/Los Angeles Times/Getty Images As the Trump administration ramps up efforts to detain and deport undocumented people, dramatic videos of immigration arrests from California to New York have sparked reactions from applause to backlash across",1,2025-08-25 18:23:31.878654,News and Politics,en,,news/22573b65-fafa-4924-a49c-770b97de151e.zip
166,eb2be6c4-ca9a-488d-af97-07bae693368c,"” Under the leadership of Zambada and Joaquín “El Chapo” Guzmán, prosecutors say the Sinaloa cartel evolved from a regional player into the largest drug trafficking organization in the world by boat and plane and the smuggling of the drug across the U.S.-",1,2025-08-25 18:23:33.304075,Education and Learning,en,,news/eb2be6c4-ca9a-488d-af97-07bae693368c.zip
168,ef7d9125-51b8-4328-804f-fca9ea59f206,"Patriots Postgame Live Aug 22 Patriots fuel speculation after potential trade piece sidelined in finale Patriots edge rusher Anfernee Jennings is thought to be a potential trade chip, making his absence Thursday night noteworthy by Ja'Lynn Polk report: ‘R",1,2025-08-25 19:20:26.377965,Technology,en,,news/ef7d9125-51b8-4328-804f-fca9ea59f206.zip
193,f2c2a22a-8fab-4194-abb0-71d306751c9c,"“I know how to do more with less, I know what it means to be accountable to your employees and the people you serve, and I know what it’s like to make payroll",1,2025-08-28 17:38:24.384679,Technology,en,,news/f2c2a22a-8fab-4194-abb0-71d306751c9c.zip
508,a4151c2f-a0e8-4c71-840c-9de5ea240be1,ARTICLE: Ruderman Family Foundation sues media company that refused them service over stance on Israel - Newton Beacon by RFF. The two entities produced a test episode,1,2025-11-05 01:52:23.147045,Technology,en,,news/a4151c2f-a0e8-4c71-840c-9de5ea240be1.zip
170,cbfa6dd1-18cb-443f-91d7-331794f0fe1b,"to begin carrying firearms DC Police Takeover Aug 21 ‘Incredible results': Trump thanks National Guard, police for patrolling DC DC Police Takeover 23 hours ago Trump expands cities targeted for possible military deployment to Baltimore in a spat with gov",1,2025-08-25 19:20:44.428362,News and Politics,en,,news/cbfa6dd1-18cb-443f-91d7-331794f0fe1b.zip
171,6dae8124-7571-4562-a9ca-cf77bf9ec180,News Article by Nicki Camberg The costliest U.S. hurricanes since 1980 Share By Kelly Ann Cicalese Cicadas return to Cape Cod after 17 years By Susie Webb About 156 million people breathe unhealthy air. Are you one of them? Advertisement By Cindy Fitzgibb,1,2025-08-26 01:56:55.147037,Technology,en,,news/6dae8124-7571-4562-a9ca-cf77bf9ec180.zip
172,b88533d3-2c1c-491c-949f-7395cddd1c20,"Police identify Maine man found dead in car parked in front of South Shore Hospital Person of interest in the death also identified, police said Police identify Maine man found dead in car parked in front of South Shore Hospital Person of interest in the ",1,2025-08-26 01:56:58.987946,Technology,en,,news/b88533d3-2c1c-491c-949f-7395cddd1c20.zip
174,e503e18d-a523-46df-8bca-103c969993bd,Asset Publisher TERMS AND CONDITIONS Hearst Television Digital Advertising Terms & Conditions STANDARD TERMS AND CONDITIONS FOR PURCHASE OF DIGITAL ADVERTISING These standard terms and conditions (the “Terms”) apply to all digital advertising services pro,1,2025-08-26 01:57:12.461311,Technology,en,,news/e503e18d-a523-46df-8bca-103c969993bd.zip
175,a17fc20c-116c-42b4-b9e0-4980cfb0c0ab,"OMISSION OF DISTRIBUTION If, as a result of an act of God, force majeure, public emergency, labor dispute, restriction imposed by law or governmental order, mechanical breakdown, or where necessary to enable the Station to comply with the Communications A",1,2025-08-26 01:57:37.913716,News and Politics,en,,news/a17fc20c-116c-42b4-b9e0-4980cfb0c0ab.zip
176,cec42c76-a006-4d24-b944-97009b920667,News Article,1,2025-08-26 01:59:48.451502,Others,en,,news/cec42c76-a006-4d24-b944-97009b920667.zip
177,c3217de1-0624-4b39-83ea-e75e2c95016f,News Article,1,2025-08-26 01:59:49.714563,Others,en,,news/c3217de1-0624-4b39-83ea-e75e2c95016f.zip
178,0f46f6b5-4a8a-4060-909b-8961c5451692,News Article,1,2025-08-26 01:59:50.955199,Others,en,,news/0f46f6b5-4a8a-4060-909b-8961c5451692.zip
179,f62c3316-83a6-4e12-bcf7-011a3c4fe470,News Article,1,2025-08-26 01:59:52.167465,Others,en,,news/f62c3316-83a6-4e12-bcf7-011a3c4fe470.zip
181,59167f39-82d8-4b04-a6d2-f81ea98cd5a7,"If you're short on time, start with: Envision Newton 2042 (Comprehensive Plan) 2023-2024 Operating Budget 2024-2028 Capital Improvements Plan FY22 City of Newton Annual Audit City of Newton Adopted Financial Policies If you have time for more, consider: A",1,2025-08-26 03:49:45.904483,News and Politics,en,,news/59167f39-82d8-4b04-a6d2-f81ea98cd5a7.zip
182,cc625808-0db3-4084-aa34-3eede6de55f0,* I agree eSignature of Applicant * Date * Date Residential Single Family & Duplex (per unit) Trade Permits Description of Work Residential Electrical Trade Permit Alteration (Residential Electrical) Fee Quantity Shipping Cost Taxable Residential Electric,1,2025-08-26 03:49:53.234449,Education and Learning,en,,news/cc625808-0db3-4084-aa34-3eede6de55f0.zip
183,4a9f080a-3d2d-4989-b5b5-86aeee64c316,"Discussion regarding the size of the event in a park should be completed with the Community Development Department of the City of Newton: 641-792-6622 Events at large recreational and amusement facilities/parks, sports arenas, fields, and complexes where ",1,2025-08-26 03:50:05.643962,Technology,en,,news/4a9f080a-3d2d-4989-b5b5-86aeee64c316.zip
184,a3538bfc-cfe0-4ec3-a772-d5043f5887e9,"Downtown Housing Grant Documents Downtown Housing Grant Program Instructions Downtown Housing Grant Application Dangerous & Dilapidated Program This program supports neighborhood revitalization by offering grants for private demolition, rehabilitation of ",1,2025-08-26 03:50:17.364257,Business and Investment,en,,news/a3538bfc-cfe0-4ec3-a772-d5043f5887e9.zip
185,9bfd6389-83d7-4342-84ed-3d753306d9a8,Getting started Account and login Robinhood Strategies Robinhood Gold Credit Card Robinhood Legend Spending Robinhood Crypto Investing Retirement Robinhood Wallet Robinhood Gold Robinhood Banking Robinhood Derivatives Bank transfers and linking Documents ,1,2025-08-28 17:30:30.433217,Business and Investment,en,,news/9bfd6389-83d7-4342-84ed-3d753306d9a8.zip
186,ce42a95a-e395-4209-87a6-2c1423b6893a,Getting started Account and login Robinhood Strategies Robinhood Gold Credit Card Robinhood Legend Spending Robinhood Crypto Investing Retirement Robinhood Wallet Robinhood Gold Robinhood Banking Robinhood Derivatives Bank transfers and linking Documents ,1,2025-08-28 17:30:33.412444,Business and Investment,en,,news/ce42a95a-e395-4209-87a6-2c1423b6893a.zip
188,4807fd5b-1590-4ef6-9681-0587f1808f28,Getting started Account and login Robinhood Strategies Robinhood Gold Credit Card Robinhood Legend Spending Robinhood Crypto Investing Retirement Robinhood Wallet Robinhood Gold Robinhood Banking Robinhood Derivatives Bank transfers and linking Documents ,1,2025-08-28 17:30:39.145892,Business and Investment,en,,news/4807fd5b-1590-4ef6-9681-0587f1808f28.zip
189,997768bc-7170-4850-b388-3f5bc978e7b0,Getting started Account and login Robinhood Strategies Robinhood Gold Credit Card Robinhood Legend Spending Robinhood Crypto Investing Retirement Robinhood Wallet Robinhood Gold Robinhood Banking Robinhood Derivatives Bank transfers and linking Documents ,1,2025-08-28 17:30:46.054402,Business and Investment,en,,news/997768bc-7170-4850-b388-3f5bc978e7b0.zip
190,50b2fcb1-4c00-4666-8d2f-51d81c870c50,Getting started What you need to get started Investments you can make on Robinhood Open my account About joint investing Joint investing FAQ How to send in documents Explore products and features Set up Robinhood iOS widgets Technical indicators Cortex Di,1,2025-08-28 17:30:56.229393,News and Politics,en,,news/50b2fcb1-4c00-4666-8d2f-51d81c870c50.zip
191,7db4bf1b-57d5-41cc-ac01-c5970dea4602,Getting started What you need to get started Investments you can make on Robinhood Open my account About joint investing Joint investing FAQ How to send in documents Explore products and features Set up Robinhood iOS widgets Technical indicators Cortex Di,1,2025-08-28 17:31:02.456915,Business and Investment,en,,news/7db4bf1b-57d5-41cc-ac01-c5970dea4602.zip
192,132f95c2-f194-4286-9417-e513de7b688a,"Politics, Top Feature by Bryan McGonigle",1,2025-08-28 17:36:59.371722,Education and Learning,en,,news/132f95c2-f194-4286-9417-e513de7b688a.zip
266,9aa1cdce-1fb2-4145-b563-721a115d7e17,"The Russell 2000 hit its first all-time high since 2021, as smaller caps fly higher session after session on the promise of cheaper financing due to lower rates, and the feeling that any company even vaguely related to AI might see a billion-dollar deal a",1,2025-09-18 23:18:39.073107,Business and Investment,en,,news/9aa1cdce-1fb2-4145-b563-721a115d7e17.zip
196,121519bb-f187-4cfd-bb84-d1813858ccfb,"Whisked across the Venetian canals on a private water taxi, Sanchez Bezos’ rare pink diamond (worth an estimated $3 million to $5 million, and somewhere in the proximity of 30 carats) didn’t so much catch the light but grabbed it out of the sky with a hef",1,2025-08-28 19:36:44.282561,Others,en,,news/121519bb-f187-4cfd-bb84-d1813858ccfb.zip
197,1e847453-9f7a-4da7-bda4-991a62fa53cc,"Read full article gilbert mcgregor Wed, Aug 27, 2025, 10:00 AM · 4 min read Link Copied 42 Rampage Jackson_20180626 Raja Jackson wrestling incident, explained: Why Rampage Jackson issued apology for son's attack on Syko Stu originally appeared on The Spor",1,2025-08-28 19:36:46.157928,Technology,en,,news/1e847453-9f7a-4da7-bda4-991a62fa53cc.zip
198,4dd785b5-8aef-4de8-acc5-9e179312b4c9,"Jemal Countess/Getty; Meghan, Duchess of Sussex/Instagram (Left) Meghan Markle in New York City on April 23, 2025; (Right) Princess Lilibet in a video Meghan Markle shared to Instagram Stories on Aug by Mary Wells",1,2025-08-28 19:36:53.491161,Business and Investment,en,,news/4dd785b5-8aef-4de8-acc5-9e179312b4c9.zip
199,7b97a03c-d14d-444e-8690-9ae6c8acd43e,"NBC/Jamie McCarthy/Getty Michael Longfellow NEED TO KNOW Michael Longfellow is leaving SNL after three years ahead of season 51 He is joining Devon Walker and Emil Wakim, who also announced their exits earlier this week This comes after creator Lorne Mich",1,2025-08-28 19:36:55.192282,Others,en,,news/7b97a03c-d14d-444e-8690-9ae6c8acd43e.zip
200,8f8d8883-bd3b-46c2-a203-8cc957c65987,"In August 2023, just six weeks before the murder trial of Bryan Kohberger was set to begin, he waived his right to a speedy trial by a knife-wielding assailant in the wee hours of Nov. 13",1,2025-08-28 19:36:56.66898,Technology,en,,news/8f8d8883-bd3b-46c2-a203-8cc957c65987.zip
201,d5d1655b-2606-4fb2-ba37-318a49288a68,"Ohio mother charged with aggravated murder in death of her 4-year-old son Prosecutors filed murder charges against a woman in the death of her 4-year-old son, with authorities saying that ""spiritual delusions"" led her to throw the boy into an Ohio lake",1,2025-08-28 19:37:35.96444,Technology,en,,news/d5d1655b-2606-4fb2-ba37-318a49288a68.zip
202,895b1cf6-daf5-4fa2-bc1c-aee746d96eb0,"(Christopher Mark Juhn/Anadolu via Getty Images) Minneapolis police have identified the shooter who opened fire at the Annunciation Catholic Church on Wednesday, killing two children and injuring 17 others, as 23-year-old Robin Westman by the gunfire. All",1,2025-08-28 19:37:43.48967,Education and Learning,en,,news/895b1cf6-daf5-4fa2-bc1c-aee746d96eb0.zip
204,270610d3-65a3-419e-bc7a-1a1468cb3824,News Article,1,2025-08-28 20:13:40.101949,Others,en,,news/270610d3-65a3-419e-bc7a-1a1468cb3824.zip
205,62ea615e-2eff-4968-a6d1-46392c6ef39d,Quick Overview Best cordless stick vacuum overall Tineco Pure ONE S11 Cordless Vacuum $229 at Amazon Best value cordless stick vacuum Kenmore Elite Cordless Stick Vacuum $121 at Amazon Best cordless stick vacuum for carpets Shark Stratos Cordless Stick Va,1,2025-08-29 15:07:32.881771,Technology,en,,news/62ea615e-2eff-4968-a6d1-46392c6ef39d.zip
206,9dd2a260-3feb-4c4d-944f-9719c48e14a9,"Trump issued the directive Thursday in the form of a memorandum to the agency informing officials that they were “hereby authorized to discontinue any security-related procedures previously authorized by Executive Memorandum” with regard to Harris , who u",1,2025-08-29 15:08:07.375881,News and Politics,en,,news/9dd2a260-3feb-4c4d-944f-9719c48e14a9.zip
207,a930b61d-5a64-40f8-9025-b03ec9757a3c,Generate Key Takeaways Minneapolis Catholic school shooting: The 2 children killed have been identified MINNEAPOLIS (AP) — As the families of the two Catholic school students fatally shot while celebrating Mass at a Minneapolis church continue to wrestle ,1,2025-08-29 15:08:14.474144,Education and Learning,en,,news/a930b61d-5a64-40f8-9025-b03ec9757a3c.zip
208,1507f1ed-4b54-42e7-8636-65193beb5d42,"See George Clooney, Emma Stone, more stars arrive at Venice Film Festival 2025 1 of 32 Cast member Adam Sandler poses with his wife Jackie Sandler and his daughters Sunny Sandler and Sadie Sandler on the red carpet for the screening of the movie ""Jay Kell",1,2025-08-29 15:08:39.099993,Lifestyle and Entertainment,en,,news/1507f1ed-4b54-42e7-8636-65193beb5d42.zip
209,542dc4bc-bddc-43a0-aee3-6e9b3cc6992d,"com A multistate outbreak of Salmonella infections tied to recalled eggs has sickened at least 95 people across 14 states, including three in Washington, according to the Centers for Disease Control and Prevention (CDC) by Country Eggs",1,2025-08-29 15:08:51.41658,News and Politics,en,,news/542dc4bc-bddc-43a0-aee3-6e9b3cc6992d.zip
211,904d35bf-0526-4059-87de-c5d0cc227e7d,"Entire coastal communities were obliterated, and some of the lowest-lying — and poorest — New Orleans neighborhoods were wiped out by a storm surge that reached as high as 28 feet by a storm surge that reached as high as 28 feet. Advertisement Advertiseme",1,2025-08-29 15:09:02.830827,News and Politics,en,,news/904d35bf-0526-4059-87de-c5d0cc227e7d.zip
212,cff3bcbe-61f5-4af0-9897-ef885148339c,"A jury convicted Matt Wright, star of the ""Wild Croc Territory,"" ""Monster Croc Wrangler"" and ""Outback Wrangler"" series, of two counts of perverting the course of justice, court documents showed by a 100-foot line to collect crocodile eggs when it ran out ",1,2025-08-29 15:09:17.29482,News and Politics,en,,news/cff3bcbe-61f5-4af0-9897-ef885148339c.zip
213,3acd1b49-9ad9-4f7f-9700-af8f371ead2a,"Murray responded to the news Thursday by saying the Trump administration has undercut wildland firefighting by ""decimating the Forest Service"" and their immigration policy ""is fundamentally sick by U.S. Border Patrol agents during a multiagency criminal i",1,2025-08-29 15:09:23.749539,News and Politics,en,,news/3acd1b49-9ad9-4f7f-9700-af8f371ead2a.zip
214,035adefe-bb14-430a-9f15-93e2148fe6ed,"Trending 7WEATHER: Friday Storms Elizabeth Banks, Massachusetts native, reported to play Karen Read in Amazon limited series Police say Minneapolis church shooter was filled with hatred and admired mass killers Duty-free no more: Parcels worth under $800 ",1,2025-08-29 17:51:09.643174,News and Politics,en,,news/035adefe-bb14-430a-9f15-93e2148fe6ed.zip
215,50de509a-f906-4249-ace6-5f1ed89e2fff,"Updated: 2025-08-29 17:45:01 Trending 7WEATHER: Friday Storms Elizabeth Banks, Massachusetts native, reported to play Karen Read in Amazon limited series Police say Minneapolis church shooter was filled with hatred and admired mass killers Duty-free no mo",1,2025-08-29 17:51:11.059577,News and Politics,en,,news/50de509a-f906-4249-ace6-5f1ed89e2fff.zip
418,ddf52dad-aad0-4cd4-94b6-8aa84b825ff6,Nuts.com: Jeff Braverman. From Corner Store to Snacktime Powerhouse,1,2025-10-30 00:18:03.954735,Business and Investment,en,,news/ddf52dad-aad0-4cd4-94b6-8aa84b825ff6.zip
740,ee38a60b-04c6-40f8-a926-623d2b3e8e6f,ARTICLE: City of Quincy dedicates new park to hometown president John Quincy Adams by sculptor Sergey Eylanbekov. He also created the city’s statues of John Hancock,1,2025-11-20 18:18:38.324925,News and Politics,en,,news/ee38a60b-04c6-40f8-a926-623d2b3e8e6f.zip
218,a331241b-10e2-44fa-9837-98ca3e58e637,"Account minimums Account minimums The minimum initial investment is $50 To continue having an account managed, the minimum account value is $50 The minimum investment for a portfolio to include individual stocks, in addition to ETFs, is $500 Deposits and ",1,2025-09-04 18:42:01.063177,Business and Investment,en,,news/a331241b-10e2-44fa-9837-98ca3e58e637.zip
219,3801d71e-744c-45d6-9fc4-bb9a0080419c,Getting started Account and login Robinhood Strategies Robinhood Gold Credit Card Robinhood Gold Credit Card waitlist Apply for the Robinhood Gold Credit Card Canceling your Robinhood Gold Credit Card Get started Payments Authorized users Rewards Pay Over,1,2025-09-04 18:42:10.026405,Business and Investment,en,,news/3801d71e-744c-45d6-9fc4-bb9a0080419c.zip
220,1987d61f-678c-4105-b738-aa8fd79ce6c3,Volunteer American Cancer Society Cancer Action Network℠ (ACS CAN) DetermiNation® Discovery Shops™ Hope Lodge Making Strides Against Breast Cancer® National Volunteer Awards Relay For Life® Road To Recovery® The Society in Second Life Volunteer Stories Fe,1,2025-09-14 00:48:27.133974,News and Politics,en,,news/1987d61f-678c-4105-b738-aa8fd79ce6c3.zip
221,4183acf3-2240-4e4c-940b-b607ea4b4c2e,"A new article in the American Cancer Society flagship journal, CA: A Journal for Clinicians provides the estimated numbers of new cancer cases and deaths for African American and Black people, as well as the most recent statistics on: Cancer occurrence Ri",1,2025-09-14 00:48:35.444738,Education and Learning,en,,news/4183acf3-2240-4e4c-940b-b607ea4b4c2e.zip
222,119de7e0-17c6-4a18-b6fa-e90b5cc43602,"Policies Accessibility Policy Ethics, Accountability, and Transparency Content Usage Policy Financial Conflict of Interest Policy Linking Policy Log Files IP Addresses Online and Mobile Privacy Policy Opt Out Long Form Privacy Statement Secure Sockets Lay",1,2025-09-14 00:48:48.072154,Education and Learning,en,,news/119de7e0-17c6-4a18-b6fa-e90b5cc43602.zip
223,e2fe87e2-b0db-4561-8db5-5820abb1128e,Rowes Wharf Sea Grille A SENSORY EXPERIENCE THAT GOES BEYOND THE PALATE Welcome to our nationally recognized Rowes Wharf Sea Grille restaurant sitting boldly on the Boston Harbor waterfront,1,2025-09-14 00:49:08.159154,Lifestyle and Entertainment,en,,news/e2fe87e2-b0db-4561-8db5-5820abb1128e.zip
224,da3400e5-95ef-46e6-bb8f-57b6b763872f,"Room Service Amenities A SPECIAL TOUCH FOR YOUR STAY Experience a warm welcome like no other at Boston Harbor Hotel with our exquisite in-room amenities, designed to elevate your stay from the moment you check-in by our culinary experts",1,2025-09-14 00:49:11.105424,News and Politics,en,,news/da3400e5-95ef-46e6-bb8f-57b6b763872f.zip
225,b6bcc823-6dc2-4ee6-b744-ac781b660e48,"Your Storybook Wedding Awaits $19,000 inclusive of tax and gratuity For up to 12 guests",1,2025-09-14 00:49:14.656532,Technology,en,,news/b6bcc823-6dc2-4ee6-b744-ac781b660e48.zip
227,910fd5f8-ae5c-48df-a6a7-b9aa713020a5,News Article,1,2025-09-15 16:20:24.56661,Others,en,,news/910fd5f8-ae5c-48df-a6a7-b9aa713020a5.zip
228,93ed7ff9-55e7-4fac-ac5c-822f56a5fc58,"Seeber said the 16-year-old’s parents are seeking asylum and are legally entitled to stay in the United States until the process is completed, but thinks the feds used the teen to try to get to his parents, who must now report to an immigration facility T",1,2025-09-16 13:54:46.471848,News and Politics,en,,news/93ed7ff9-55e7-4fac-ac5c-822f56a5fc58.zip
229,62be0f99-8d12-410e-994f-51de56fcf3e1,"Skip to content Israel’s military begins its ground offensive in Gaza City and thousands of residents flee By Associated Press September 16, 2025 Share JERUSALEM (AP) — The Israeli military began its ground offensive in Gaza City on Tuesday, slowly closin",1,2025-09-16 13:54:53.781608,News and Politics,en,,news/62be0f99-8d12-410e-994f-51de56fcf3e1.zip
230,58683b91-5e4d-409a-b288-c028ac5e4e04,"But Li, China’s international trade representative, said Beijing opposes the “politicization” and “weaponization” of technology, trade and economic issues, adding that China would “never seek any agreement at the expense of principle, the interests of the",1,2025-09-16 13:55:06.422443,Technology,en,,news/58683b91-5e4d-409a-b288-c028ac5e4e04.zip
231,4dd1380b-3c3b-4e53-8c03-5da8e3231ed0,"Skip to content New York judge tosses terrorism charges against Luigi Mangione, lets murder count stand By Associated Press September 16, 2025 Share NEW YORK (AP) — A judge on Monday dismissed terrorism charges against Luigi Mangione in New York state’s c",1,2025-09-16 13:55:16.333,News and Politics,en,,news/4dd1380b-3c3b-4e53-8c03-5da8e3231ed0.zip
233,e4c46285-27c9-4674-9529-b8eadbf95a83,"Skip to content Trump files $15 billion defamation lawsuit against The New York Times By Associated Press September 16, 2025 Share NEW YORK (AP) — President Donald Trump filed a $15 billion defamation lawsuit against The New York Times and four of its jou",1,2025-09-16 13:55:32.627271,News and Politics,en,,news/e4c46285-27c9-4674-9529-b8eadbf95a83.zip
234,078eaa2c-0f99-48c7-94da-ca7b367718e8,"Skip to content FIRST ON 7: Elderly woman pushed off MBTA bus in Roxbury By 7 News WHDH September 15, 2025 Share BOSTON (WHDH) - A routine bus ride took a violent turn after an elderly woman was shoved off an MBTA bus by another woman in Roxbury by 7 News",1,2025-09-16 13:55:38.260608,Business and Investment,en,,news/078eaa2c-0f99-48c7-94da-ca7b367718e8.zip
235,d3e9a548-8eda-451b-bfec-08f045986ed1,"Alvarez said, “We appreciate the work of the Lynn Police Department in investigating the weekend incidents and the custodial staff in having our buildings ready for an uninterrupted school day today by Hannah Cotter",1,2025-09-16 13:55:43.904857,Technology,en,,news/d3e9a548-8eda-451b-bfec-08f045986ed1.zip
236,090b68f1-8540-408a-9e56-43ee7169284b,"“We felt a vibration in the building…a couple of us stepped outside to see, because we thought somebody was on top of the roof jumping so we went to see what it was by Lisa Gresci",1,2025-09-16 13:55:48.881804,Business and Investment,en,,news/090b68f1-8540-408a-9e56-43ee7169284b.zip
237,8884721f-ed54-4dd7-ac04-71caebe341b0,"Skip to content Invasive, disease-carrying tick found in Maine, the farthest northeast it has been spotted By Associated Press September 9, 2025 Share PORTLAND, Maine (AP) — Researchers have confirmed the presence of an invasive species of tick in Maine f",1,2025-09-16 13:55:54.310964,Education and Learning,en,,news/8884721f-ed54-4dd7-ac04-71caebe341b0.zip
248,3add121a-9f4a-4842-b34a-16607437665e,"Manipulating India’s Stock Market: The GST Portal Data Leak Aseem Shrey (@aseemshrey) 7 min read · Sep 3, 2025 -- 2 Listen Share Press enter or click to view image in full size 4 Steps to Easy Market Manipulation Imagine if you could peek into the books o",1,2025-09-18 15:51:54.132943,Business and Investment,en,,news/3add121a-9f4a-4842-b34a-16607437665e.zip
250,94f787d5-4769-4994-8de6-84837ccedafe,"Top 10 Top 10 Best Model Context Protocol (MCP) Servers in 2025 September 18, 2025 Top 10 Best Next‑Generation Firewall (NGFW) Providers in 2025 September 18, 2025 Top 10 Best Dynamic Application Security Testing (DAST) Platforms in 2025 September 18, 202",1,2025-09-18 15:52:14.517526,Technology,en,,news/94f787d5-4769-4994-8de6-84837ccedafe.zip
251,b00846e9-7c42-46fb-85ae-ad0b1bc4653a,"By exploiting the authentication bypass mentioned previously, CVE-2025-53118, a database backup can be triggered: On backup, the application server runs the batch script containing the PowerShell reverse shell, and the attacker can run privileged OS comma",1,2025-09-18 15:52:22.934248,Technology,en,,news/b00846e9-7c42-46fb-85ae-ad0b1bc4653a.zip
252,80c0d521-55e0-4993-94bd-9f9b6be0e4a8,"Home Cyber Security News ESPHome Web Server Authentication Bypass Vulnerability Exposes Smart Devices A critical security vulnerability discovered in ESPHome’s web server component has exposed thousands of smart home devices to unauthorized access, effect",1,2025-09-18 15:52:46.284988,News and Politics,en,,news/80c0d521-55e0-4993-94bd-9f9b6be0e4a8.zip
253,2954f891-6874-44cb-90f5-794b392b8b8c,Read More Android News Samsung Security Technology Samsung Galaxy Tab 2 7 by Samsung is Samsung Galaxy Tab 2 7.0. It has been named so because another… by Waqas,1,2025-09-18 15:52:53.96184,Technology,en,,news/2954f891-6874-44cb-90f5-794b392b8b8c.zip
254,a67e4246-2fac-4dcd-b684-c9766af6d97e,"Kubernetes Errors 101: A Practical Playbook for Troubleshooting Kubernetes Errors 101 is a practical guide for cloud and platform teams looking to troubleshoot faster, stay ahead of common issues, and keep clusters running smoothly",1,2025-09-18 15:52:56.180002,Technology,en,,news/a67e4246-2fac-4dcd-b684-c9766af6d97e.zip
255,ac876666-5412-4d1f-8b9d-2751b8f63690,"These ""tend to be agentic - meaning they can execute commands, edit multiple files, use version control - essentially acting like a junior dev who knows how to use the terminal,"" said London-based software developer expert Roberto Infante, author of ""AI A",1,2025-09-18 15:52:59.848615,Technology,en,,news/ac876666-5412-4d1f-8b9d-2751b8f63690.zip
256,1fe8ec3f-1d88-41c4-a98c-643ecb3e5390,"A merger of two previous vulnerabilities API 03:2019 Excessive Data Exposure and API 06: 2019 Mass Assignment API 04:2023 – Unrestricted Resource Consumption , previously API 04:2019: Lack of Resources & Rate limiting API 09:2023 – Improper Inventory Mana",1,2025-09-18 15:53:09.398835,Technology,en,,news/1fe8ec3f-1d88-41c4-a98c-643ecb3e5390.zip
258,adfcaaa3-7d5f-4968-9497-20073ebfd7af,"Share this article: This week, we examine an industry report uncovering critical API vulnerabilities in solar power devices, and a recent case of API directory traversal flaws affecting LG Smart TVs by failing to constrain the value",1,2025-09-18 16:09:38.05939,News and Politics,en,,news/adfcaaa3-7d5f-4968-9497-20073ebfd7af.zip
579,fae79960-c7e9-4f05-9796-99589c078bba,Desgro graduated from Patchogue High School in New York in 1967 by running the free program Rufus. Visit: rufus .ie/en Omit the space before .ie Some sites won’t publish the URL. Also,1,2025-11-07 16:16:51.30794,Education and Learning,en,,news/fae79960-c7e9-4f05-9796-99589c078bba.zip
825,efe4f054-10cd-49de-a36c-004b40dd1c00,AUTHENTICATED ARTICLE: Boston Globe Article by Studio/B. What is this? Wheelock Family Theatre's new production has a big heart,1,2025-11-27 20:54:15.657386,Technology,en,,news/efe4f054-10cd-49de-a36c-004b40dd1c00.zip
239,aa08a574-4a72-4a60-8c60-f6ca93976e80,"’: Air traffic control gives Boston bound pilot stern warning after AF1 close call By Lisa Gresci , 7 News WHDH September 17, 2025 Share BOSTON (WHDH) - A pilot on a Spirit Airlines flight bound for Boston Tuesday received warning from air traffic control",1,2025-09-17 22:12:54.228322,News and Politics,en,,news/aa08a574-4a72-4a60-8c60-f6ca93976e80.zip
240,7f3a2681-8845-4db6-a0f7-74c57406ce03,"Skip to content Federal Reserve cuts key rate for first time this year By 7 News WHDH , Associated Press September 17, 2025 Share WASHINGTON (AP) — The Federal Reserve cut its key interest rate by a quarter-point Wednesday and projected it would do so twi",1,2025-09-17 22:13:00.436608,Business and Investment,en,,news/7f3a2681-8845-4db6-a0f7-74c57406ce03.zip
241,79c62b25-5bc0-4e50-92a7-8322028848aa,"Skip to content Suspect in Charlie Kirk killing feared being shot by police before surrendering, sheriff says By Dan Hausle , Associated Press September 17, 2025 Share OREM, Utah (AP) — Tyler Robinson, the Utah man accused of assassinating Charlie Kirk , ",1,2025-09-17 22:13:10.371251,Technology,en,,news/79c62b25-5bc0-4e50-92a7-8322028848aa.zip
243,cbf8108d-0305-493a-8b13-810ed76bb91b,"Skip to content Transit police identify suspect accused of pushing elderly woman off MBTA bus By 7 News WHDH September 17, 2025 Share BOSTON (WHDH) - Transit police have identified the suspect accused of pushing an elderly woman off a bus last week by 7 N",1,2025-09-17 22:13:27.250202,Business and Investment,en,,news/cbf8108d-0305-493a-8b13-810ed76bb91b.zip
244,660adcd0-1616-40fd-8fba-98d961680c52,"Skip to content Suspect in custody after driver rams car into FBI building gate in Pittsburgh By Associated Press September 17, 2025 Share PITTSBURGH (AP) — A suspect has been taken into custody after a driver rammed a car into a security gate at the FBI ",1,2025-09-17 22:13:31.71477,News and Politics,en,,news/660adcd0-1616-40fd-8fba-98d961680c52.zip
245,ff8732a4-67ac-4008-bff6-b3bb99e41643,"Seeber said the 16-year-old’s parents are seeking asylum and are legally entitled to stay in the United States until the process is completed, but thinks the feds used the teen to try to get to his parents, who reported to an immigration facility in Burli",1,2025-09-17 22:13:37.333909,News and Politics,en,,news/ff8732a4-67ac-4008-bff6-b3bb99e41643.zip
246,11a415e4-e6ba-484d-9fec-052d281b1b94,"Sometimes these things are just fake and by the time you get halfway down the stairs the alarm goes off, but it stayed on the whole time until we got out,” said Terry Stevenson, who was staying at the hotel by 7 News WHDH September 17",1,2025-09-17 22:13:44.606358,Business and Investment,en,,news/11a415e4-e6ba-484d-9fec-052d281b1b94.zip
247,6fce4af6-d59b-4a4a-9d14-085147110c2f,"Skip to content Suspect in Charlie Kirk killing feared being shot by police before surrendering, sheriff says By Dan Hausle , Associated Press September 17, 2025 Share OREM, Utah (AP) — Tyler Robinson, the Utah man accused of assassinating Charlie Kirk , ",1,2025-09-17 22:13:49.403598,Technology,en,,news/6fce4af6-d59b-4a4a-9d14-085147110c2f.zip
746,6b5c12fe-8b58-40ec-9b1b-6d20d885ed8f,ARTICLE: Wynn Resorts fights back against online gambling push on Beacon Hill by Representative David Muradian of Grafton to allow gamblers to use their phones to place bets on poker,1,2025-11-20 18:19:22.195869,Technology,en,,news/6b5c12fe-8b58-40ec-9b1b-6d20d885ed8f.zip
259,b29e7544-ff2d-4435-ac8b-37093eb5a0a9,"Skip to content Kimmel’s future hangs in balance after ABC suspends his late-night show over Charlie Kirk comments By Associated Press September 18, 2025 Share Related ‘I’m human, you’re human’: Organizer for Charlie Kirk vigil at Boston Common shares mes",1,2025-09-18 16:35:11.339259,Lifestyle and Entertainment,en,,news/b29e7544-ff2d-4435-ac8b-37093eb5a0a9.zip
260,75c8f71e-673f-441d-9ee7-d60ba4b22a4e,"stand between patients and the care they need and want’: Healey promises vaccine access for all families By 7 News WHDH September 18, 2025 Share BOSTON (WHDH) - Governor Maura Healey is promising vaccine access for all families in Massachusetts ahead of a",1,2025-09-18 16:35:22.565649,News and Politics,en,,news/75c8f71e-673f-441d-9ee7-d60ba4b22a4e.zip
261,441050bd-f882-4dbe-bca8-eb06cc9c36f9,"Share this article: T his week, we dive into detailed reports of vulnerabilities impacting Intel, McDonald’s, and the social media app TeaForHer, each with valuable lessons for API security by the 42Crunch booth at Black Hat USA earlier this month and sha",1,2025-09-18 17:24:39.129239,Technology,en,,news/441050bd-f882-4dbe-bca8-eb06cc9c36f9.zip
262,b18c67e4-682e-4038-b588-69c50ca9caea,"The team found that while WAFs will recognize the malicious pattern in its entirety, if the pattern is spread across multiple input parameters most WAFs fail to recognize the risk and allow the malicious request through to the server, where it is combined",1,2025-09-18 20:25:44.408301,Technology,en,,news/b18c67e4-682e-4038-b588-69c50ca9caea.zip
263,07d38aa5-b6da-483e-b70a-2050129f50e4,"For example, common API attacks involve: Malicious injection patterns in HTTP headers Use of invalid or stolen access credentials Input properties deliberately crafted to break or exploit API logic An allow-list approach to input validation can significan",1,2025-09-18 20:33:47.804156,Technology,en,,news/07d38aa5-b6da-483e-b70a-2050129f50e4.zip
264,edb428b0-33cf-4fef-b86a-9f6a685d791d,"While most companies had some API security controls in place, the findings are hardly encouraging: Widespread use of weak or insecure API authentication methods Lack of fine-grained authorization, leading to over-privileged access Insufficient or nonexist",1,2025-09-18 22:01:36.267388,Technology,en,,news/edb428b0-33cf-4fef-b86a-9f6a685d791d.zip
265,5f5c7c16-1389-46ff-8447-dc4bf53530bd,Stocktwits The Daily Rip Get the daily email that keeps you tuned in and makes markets fun again,1,2025-09-18 23:18:31.994989,Business and Investment,en,,news/5f5c7c16-1389-46ff-8447-dc4bf53530bd.zip
267,e50f7625-b28a-477c-8b42-76444672275a,"state visit 🎩 Google, PayPal partner to roll out AI-powered solutions across platforms 📺️ Nvidia stock dips as China reportedly tells its companies to avoid buying chips 👀 Eli Lilly pill outperforms Novo Nordisk’s oral drug in head-to-head diabetes trial ",1,2025-09-18 23:18:49.580542,Business and Investment,en,,news/e50f7625-b28a-477c-8b42-76444672275a.zip
268,c59ed5df-272d-4d97-911d-1c53197e7884,"📰 Kevin Travers September 16, 2025 • Reading Time: 15 minutes Presented by CLOSING BELL 'Twas The Night Before Rate Cuts It was the night before a (likely) rate cut, and all through the house, not a soul was stirring, not even record Nasdaq prices by Stoc",1,2025-09-18 23:19:06.70353,Business and Investment,en,,news/c59ed5df-272d-4d97-911d-1c53197e7884.zip
269,c7712a47-e496-4e7b-b0b4-ed0427448374,"95 * 🏠️ Wall Street Raises Alarm on Trump Ending Quarterly Earnings 😁 SEC ""prioritizing"" Trump bid to change public company reporting rules 🤖 Bessent: TikTok deal ‘framework’ reached with China, Trump and Xi will finalize it Friday 🎩 “Polymarket transform",1,2025-09-18 23:19:25.440751,Business and Investment,en,,news/c7712a47-e496-4e7b-b0b4-ed0427448374.zip
270,d4d8b2b8-526e-4cb5-84df-a5c7a9ada18e,"0 0 The Daily Rip by Stocktwits Posts The Weekend Rip: Sep 14, 2025 The Weekend Rip: Sep 14, 2025 What you need to know for the week ahead by Stocktwits Posts The Weekend Rip: Sep 14",1,2025-09-18 23:19:43.275316,Technology,en,,news/d4d8b2b8-526e-4cb5-84df-a5c7a9ada18e.zip
271,6dae3ed9-634d-43e4-a719-ba6e677661e9,0 0 The Daily Rip by Stocktwits Posts Stocktwits Top 25 Week 37 Stocktwits Top 25 Week 37 Our updated list of the market's top stocks by Stocktwits Posts Stocktwits Top 25 Week 37 Stocktwits Top 25 Week 37 Our updated list of the market's top stocks. Kevi,1,2025-09-18 23:19:52.490798,Business and Investment,en,,news/6dae3ed9-634d-43e4-a719-ba6e677661e9.zip
272,c6585ed8-3a05-4368-82fc-2dbf9ffc0212,* 👀 Nepal gets first female PM after deadly unrest ⌚️ Swatch takes a swipe at Trump’s 39% tariff with switched-up watch 🏠️ OpenAI secures Microsoft’s blessing to transition its for-profit arm NATO launches ‘Eastern Sentry’ operation in response to Russian,1,2025-09-18 23:20:03.834461,Business and Investment,en,,news/c6585ed8-3a05-4368-82fc-2dbf9ffc0212.zip
274,fee8658b-4515-4216-ace0-fe043b4638f0,"📰 Kevin Travers September 10, 2025 • Reading Time: 17 minutes Presented by CLOSING BELL AI Comes To Software Stocks The market climbed and hit all-time highs Wednesday, after earnings from Oracle showed software is the new ‘it’ sector this fall by Stocktw",1,2025-09-18 23:20:24.982607,Business and Investment,en,,news/fee8658b-4515-4216-ace0-fe043b4638f0.zip
275,d78ac43e-6772-4aa4-9006-8c3e7ff0fd9a,"0 0 The Daily Rip by Stocktwits Posts Worst Jobs In 20+ Years Worst Jobs In 20+ Years Today’s Rip: Apple’s new phone sure is slim, GME and Oracle climb after the bell, Fox owner finalizes Succession, and more Kevin Travers September 09, 2025 • Reading Tim",1,2025-09-18 23:20:48.800067,Technology,en,,news/d78ac43e-6772-4aa4-9006-8c3e7ff0fd9a.zip
276,6f1e9260-ec55-445e-bff5-4847ab9a1aa0,Your October by referring them to Direct Federal! When you refer your friends to Direct Federal,1,2025-10-26 15:14:21.400998,Business and Investment,en,,news/6f1e9260-ec55-445e-bff5-4847ab9a1aa0.zip
277,527870ae-7d63-43d6-8322-2de0fcf6165a,mp/d33d6e6cae4a/friday-news-decoding-the-office-space-market-mystery-10346177,1,2025-10-28 01:48:24.919404,Business and Investment,en,,news/527870ae-7d63-43d6-8322-2de0fcf6165a.zip
278,b1e22ac7-f0b2-489d-ac14-27a0b9d4730f,Campaign URL Copy Twitter 0 tweets Subscribe Past Issues RSS Translate English العربية Afrikaans беларуская мова български català 中文（简体） 中文（繁體） Hrvatski Česky Dansk eesti keel Nederlands Suomi Français Deutsch Ελληνική हिन्दी Magyar Gaeilge Indonesia ísle,1,2025-10-28 01:50:33.072498,Technology,en,,news/b1e22ac7-f0b2-489d-ac14-27a0b9d4730f.zip
273,12eacafb-911e-4820-b319-bcf762c37f1b,"📰 Kevin Travers September 11, 2025 • Reading Time: 13 minutes Presented by CLOSING BELL Prices And Stocks Are Climbing The market climbed on Thursday after CPO inflation data showed prices had risen in the past month, at nearly 3%, and mortgage rates drop",1,2025-09-18 23:20:17.37623,Business and Investment,en,,news/12eacafb-911e-4820-b319-bcf762c37f1b.zip
457,0d3bba3c-37a9-4875-8450-36b1e0d73809,Nuts.com: Jeff Braverman. From Corner Store to Snacktime Powerhouse,1,2025-10-31 18:24:00.322638,Business and Investment,en,,news/0d3bba3c-37a9-4875-8450-36b1e0d73809.zip
459,e6be8eaf-1a44-4c74-b8c1-53cd07a8e889,"Wayfair: Niraj Shah & Steve Conine Listen on Spotify Listen on Apple After selling one business and closing another, Niraj Shah and Steve Conine were nearly ready to settle into “normal” jobs by Jeff’s grandfather in 1929",1,2025-10-31 18:27:36.120789,Technology,en,,news/e6be8eaf-1a44-4c74-b8c1-53cd07a8e889.zip
461,74d520fa-558f-4716-8e73-4479b3bf5843,Advice Line with Niraj Shah of Wayfair,1,2025-10-31 18:27:54.493437,Technology,en,,news/74d520fa-558f-4716-8e73-4479b3bf5843.zip
463,c66a7460-9e54-4215-babc-45e19da4eeb2,Advice Line with Niraj Shah of Wayfair,1,2025-10-31 18:28:04.269496,Technology,en,,news/c66a7460-9e54-4215-babc-45e19da4eeb2.zip
465,42cffa91-0ea9-440b-b6ef-eb0f9825a78b,Advice Line with Niraj Shah of Wayfair,1,2025-10-31 18:28:09.969442,Technology,en,,news/42cffa91-0ea9-440b-b6ef-eb0f9825a78b.zip
467,6f965b12-af1a-47f3-a7f0-fb472eb639dd,Advice Line with Niraj Shah of Wayfair,1,2025-10-31 18:28:25.140439,Technology,en,,news/6f965b12-af1a-47f3-a7f0-fb472eb639dd.zip
468,d8dd155a-817f-41d9-91d7-665b114dfaad,Metro Headlines ‌ ‌ ‌ ‌ ‌ ‌ ‌ ‌ ‌ ‌ ‌ ‌ ‌ ‌ ‌ ‌ ‌ ‌ ‌ ‌ ‌ ‌ ‌ ‌ ‌ ‌ ‌ ‌ ‌ ‌ ‌ ‌ ‌ ‌ ‌ ‌ ‌ ‌ ‌ ‌ ‌ ‌ ‌ ‌ ‌ ‌ ‌ ‌ ‌ ‌ ‌ ‌ ‌ ‌ ‌ ‌ ‌ ‌ ‌ ‌ ‌ ‌ ‌ ‌ ‌ ‌ ‌ ‌ ‌ ‌ ‌ ‌ ‌ ‌ ‌ ‌ ‌ ‌ ‌ ‌ ‌ ‌ ‌ ‌ ‌ ‌ ‌ ‌ ‌ ‌ ‌ ‌ ‌ ‌ ‌ ‌ ‌ ‌ ‌ ‌,1,2025-11-04 16:14:44.462482,Others,en,,news/d8dd155a-817f-41d9-91d7-665b114dfaad.zip
473,40d41cbf-fff4-4b88-9d3b-006721496f58,"Some of the online ads you are served may be based on the content of the page you’re visiting, some may be based on registration information you provide, and other ads may be customized based on predictions about your interests generated from your visits ",1,2025-11-04 16:25:14.670519,Technology,en,,news/40d41cbf-fff4-4b88-9d3b-006721496f58.zip
502,7273022f-6248-47ce-b3b4-c72653883db7,"Read full story Decision Day: What to know as you head to the polls Months of campaigning, shaking hands, laughing, crying and everything else that comes with a run for political office in Newton, have led to this day, when voters will essentially remake ",1,2025-11-05 01:51:29.774509,News and Politics,en,,news/7273022f-6248-47ce-b3b4-c72653883db7.zip
503,9fcb4119-df65-4d3e-8547-f8628fcb8b53,ARTICLE: Former Mayor Setti Warren dead at 55 - Newton Beacon by the many students he helped to teach,1,2025-11-05 01:51:36.75216,News and Politics,en,,news/9fcb4119-df65-4d3e-8547-f8628fcb8b53.zip
747,c993883c-2af7-4fcf-a2a2-e76dcab5ac01,A New Way to Think: Roger Martin,1,2025-11-20 18:20:13.467645,Business and Investment,en,,news/c993883c-2af7-4fcf-a2a2-e76dcab5ac01.zip
752,6338a940-7b92-443c-9a52-0a1941018449,Advice Line with Anthony Casalena of Squarespace,1,2025-11-20 18:26:58.93583,Technology,en,,news/6338a940-7b92-443c-9a52-0a1941018449.zip
756,2ffd2472-1147-4f83-9433-0199d44e8543,Advice Line with Anthony Casalena of Squarespace,1,2025-11-20 18:33:58.21783,Technology,en,,news/2ffd2472-1147-4f83-9433-0199d44e8543.zip
770,52497e65-dddc-45eb-bcda-9c59fec7facd,ARTICLE: Copyright notice by framing or similar means,1,2025-11-20 18:45:47.836132,Others,en,,news/52497e65-dddc-45eb-bcda-9c59fec7facd.zip
783,39672a98-442a-402a-83f3-dee63144d6ec,Advice Line with John Zimmer of Lyft,1,2025-11-26 04:00:11.038219,Business and Investment,en,,news/39672a98-442a-402a-83f3-dee63144d6ec.zip
504,724c6a8f-5d24-4e1f-959c-be6e8608dbcd,ARTICLE: Decision Day: What to know as you head to the polls - Newton Beacon by someone who lives in the ward,1,2025-11-05 01:51:46.296814,News and Politics,en,,news/724c6a8f-5d24-4e1f-959c-be6e8608dbcd.zip
505,1241f596-6519-413c-bd4c-ede142e5e683,ARTICLE: ‘They are going to need more food’: Newton’s food pantries prepare for surge ahead of November SNAP cuts - Newton Beacon by Barry Wanger Anticipating a lapse in funding for the nation’s largest anti-hunger program,1,2025-11-05 01:51:55.737767,Lifestyle and Entertainment,en,,news/1241f596-6519-413c-bd4c-ede142e5e683.zip
507,94a9ae31-8704-4ee4-86cb-bf4a332a8d32,ARTICLE: Star Market reopens after asbestos scare - Newton Beacon by Bryan McGonigle Star Market in Newtonville is back open after a brief closure due to potential asbestos exposure. The city’s Health and Human Services Department abruptly shut the Austin,1,2025-11-05 01:52:15.299,Business and Investment,en,,news/94a9ae31-8704-4ee4-86cb-bf4a332a8d32.zip
540,e3a3649a-a431-4ca4-b42e-179ac4afc903,CONTENT: This is a,1,2025-11-07 02:29:20.214877,Technology,en,,news/e3a3649a-a431-4ca4-b42e-179ac4afc903.zip
542,7191a782-839f-4f80-ad5c-245698335b36,CONTENT: This is a,1,2025-11-07 02:44:43.620041,Technology,en,,news/7191a782-839f-4f80-ad5c-245698335b36.zip
544,3adf61a3-5c58-49e0-bcd9-ca626cf9d6df,CONTENT: This is a,1,2025-11-07 03:19:31.563793,Technology,en,,news/3adf61a3-5c58-49e0-bcd9-ca626cf9d6df.zip
559,dfedc9ad-7eca-4b1f-8175-1259d24c95d8,Robo Dino Chicken! (11/3/25),1,2025-11-07 04:25:54.000232,Technology,en,,news/dfedc9ad-7eca-4b1f-8175-1259d24c95d8.zip
560,312283f4-7bbb-4ade-89ed-56ee928681d1,Robo Dino Chicken! (11/3/25),1,2025-11-07 04:25:58.049231,Technology,en,,news/312283f4-7bbb-4ade-89ed-56ee928681d1.zip
706,f696d30f-8234-4d84-a43a-7f9e020c9989,Advice Line with John Zimmer of Lyft,1,2025-11-20 16:55:16.911784,Business and Investment,en,,news/f696d30f-8234-4d84-a43a-7f9e020c9989.zip
732,c55e12e8-326c-4697-9d2c-b0a858333e33,Advice Line with John Zimmer of Lyft,1,2025-11-20 18:12:37.201275,Business and Investment,en,,news/c55e12e8-326c-4697-9d2c-b0a858333e33.zip
43,20c33056-5673-4d33-9773-9557143c92aa,"",1,2025-08-14 03:14:55.43998,Others,en,,news/20c33056-5673-4d33-9773-9557143c92aa.zip
323,3f813998-6e54-4aa8-aec4-610ca1d46876,com/p/10-lessons-from-chip-and-joanna-gaines,1,2025-10-28 19:18:56.439467,Technology,en,,news/3f813998-6e54-4aa8-aec4-610ca1d46876.zip
334,90cdf23b-15d1-46f7-8167-ef2167c7b53c,com/p/10-lessons-from-chip-and-joanna-gaines,1,2025-10-28 20:35:50.667196,Technology,en,,news/90cdf23b-15d1-46f7-8167-ef2167c7b53c.zip
354,a83d51d2-bbee-421c-a39d-8dd431b3aaf4,Spotify is offline Can’t hear any sound on Spotify Missing music or podcasts Spotify web player help Ongoing issues Faulty or inaccurate metadata Checking your Spotify app version Contact us Playlists Features Social features Podcasts Audiobooks Live even,1,2025-10-29 03:18:22.493963,Technology,en,,news/a83d51d2-bbee-421c-a39d-8dd431b3aaf4.zip
753,a3e1baac-e1e9-4b10-a8c0-ccb3c399291d,Advice Line with Anthony Casalena of Squarespace,1,2025-11-20 18:27:03.983571,Technology,en,,news/a3e1baac-e1e9-4b10-a8c0-ccb3c399291d.zip
355,ea5c9305-2f6c-462b-a89e-12c063f2e4e4,us Delivering to Newton 02459 Update location All Select the department you want to search in All Departments Alexa Skills Amazon Autos Amazon Devices Amazon Fresh Amazon Global Store Amazon Haul Amazon One Medical Amazon Pharmacy Amazon Resale Appliances,1,2025-10-29 03:18:28.628693,Lifestyle and Entertainment,en,,news/ea5c9305-2f6c-462b-a89e-12c063f2e4e4.zip
357,bcf275e0-d3c1-4ed0-b8c3-4c8ab3d1929c,Skip to content Spotify Select your country or region : Africa Angola (Português) Angola (English) Burkina Faso (français) Burkina Faso (English) Burundi (français) Burundi (English) Bénin (français) Benin (English) Botswana Jamhuri ya Kidemokrasia ya Kon,1,2025-10-29 03:18:50.753463,News and Politics,en,,news/bcf275e0-d3c1-4ed0-b8c3-4c8ab3d1929c.zip
368,a6887e5c-1ae6-4cb2-828e-e7855924514f,Nuts.com: Jeff Braverman. From Corner Store to Snacktime Powerhouse,1,2025-10-29 16:39:24.228713,Business and Investment,en,,news/a6887e5c-1ae6-4cb2-828e-e7855924514f.zip
369,06e35295-176d-414b-befc-4c980fa4283e,Nuts.com: Jeff Braverman. From Corner Store to Snacktime Powerhouse,1,2025-10-29 16:39:30.73116,Business and Investment,en,,news/06e35295-176d-414b-befc-4c980fa4283e.zip
370,542662d8-877e-424c-9ca3-11b3d46dbcb4,"Sylvan Esso: Their Songwriting Routines, “Hey Mami”, the Durham Scene, and Creative Surprises",1,2025-10-29 16:39:36.962637,Education and Learning,en,,news/542662d8-877e-424c-9ca3-11b3d46dbcb4.zip
371,650b403c-19e8-4ceb-af3c-5bc61436f9f7,"The Way Up, Episode 6 - Nixta Taqueria",1,2025-10-29 16:39:41.540706,Lifestyle and Entertainment,en,,news/650b403c-19e8-4ceb-af3c-5bc61436f9f7.zip
372,712024ec-806e-4826-9f8b-968a9e33a604,WeWow Creepy Crawly Week - Day 3: Dennis’s Pest-aurant (10/29/25),1,2025-10-29 16:39:45.824807,Lifestyle and Entertainment,en,,news/712024ec-806e-4826-9f8b-968a9e33a604.zip
373,9e0d7864-cc7e-4e19-8c86-c0c490151930,WeWow Creepy Crawly Week - Day 3: Dennis’s Pest-aurant (10/29/25),1,2025-10-29 16:39:49.356447,Lifestyle and Entertainment,en,,news/9e0d7864-cc7e-4e19-8c86-c0c490151930.zip
374,0c9a3801-af79-4f9e-91c0-094503684c18,Nuts.com: Jeff Braverman. From Corner Store to Snacktime Powerhouse,1,2025-10-29 16:39:53.090225,Business and Investment,en,,news/0c9a3801-af79-4f9e-91c0-094503684c18.zip
375,f77071fb-d50f-4c86-85e4-e16f3279ac5c,Nuts.com: Jeff Braverman. From Corner Store to Snacktime Powerhouse,1,2025-10-29 16:39:59.229932,Business and Investment,en,,news/f77071fb-d50f-4c86-85e4-e16f3279ac5c.zip
435,6521f968-1d4f-4e35-9400-51b3ddccdc5e,Wayfair: Niraj Shah & Steve Conine,1,2025-10-31 16:13:55.107707,Technology,en,,news/6521f968-1d4f-4e35-9400-51b3ddccdc5e.zip
458,a74ab86c-8d22-4f37-90a9-79920ec82eb2,Advice Line with Niraj Shah of Wayfair,1,2025-10-31 18:24:08.779435,Technology,en,,news/a74ab86c-8d22-4f37-90a9-79920ec82eb2.zip
460,0f1b59ce-2176-41d7-86a5-84aeeefa7629,WeWow Creepy Crawly Week,1,2025-10-31 18:27:51.163497,Others,en,,news/0f1b59ce-2176-41d7-86a5-84aeeefa7629.zip
462,906bf568-5247-4e97-9756-5c1d8afa1dfa,Wayfair: Niraj Shah & Steve Conine,1,2025-10-31 18:28:01.194858,Technology,en,,news/906bf568-5247-4e97-9756-5c1d8afa1dfa.zip
466,8fa5fc6b-0588-4ce2-b4e9-b19502c0305e,Nuts.com: Jeff Braverman. From Corner Store to Snacktime Powerhouse,1,2025-10-31 18:28:16.60787,Business and Investment,en,,news/8fa5fc6b-0588-4ce2-b4e9-b19502c0305e.zip
470,d17ee5dc-da43-4f01-9e0c-2fffc4310f46,CONTENT: ‌ ‌ ‌ ‌ ‌ ‌ ‌ ‌ ‌ ‌ ‌ ‌ ‌ ‌ ‌ ‌ ‌ ‌ ‌ ‌ ‌ ‌ ‌ ‌ ‌ ‌ ‌ ‌ ‌ ‌ ‌ ‌ ‌ ‌ ‌ ‌ ‌ ‌ ‌ ‌ ‌ ‌ ‌ ‌ ‌ ‌ ‌ ‌ ‌ ‌ ‌ ‌ ‌ ‌ ‌ ‌ ‌ ‌ ‌ ‌ ‌ ‌ ‌ ‌ ‌ ‌ ‌ ‌ ‌ ‌ ‌ ‌ ‌ ‌ ‌ ‌ ‌ ‌ ‌ ‌ ‌ ‌ ‌ ‌ ‌ ‌ ‌ ‌ ‌ ‌ ‌ ‌ ‌ ‌ ‌ ‌ ‌ ‌ ‌ ‌ by from Pope Leo XIV AS I SEE IT The people’s ,1,2025-11-04 16:24:57.611403,Technology,en,,news/d17ee5dc-da43-4f01-9e0c-2fffc4310f46.zip
472,2dc74b84-18a7-4967-bf8c-a95ba7645951,"CONTENT: Sign in Sign in with Apple Sign in with a passkey By clicking Continue, you agree to LinkedIn’s User Agreement , Privacy Policy , and Cookie Policy by clicking Continue",1,2025-11-04 16:25:10.52645,Technology,en,,news/2dc74b84-18a7-4967-bf8c-a95ba7645951.zip
474,fbe65e43-38fe-4628-a60d-852d8ab2bafc,ARTICLE: Privacy Policy | The Boston Globe by the Boston Globe or our affiliates),1,2025-11-04 16:25:20.476352,News and Politics,en,,news/fbe65e43-38fe-4628-a60d-852d8ab2bafc.zip
524,01122f04-1bcb-42af-8bf0-6f4d62be488b,Have you ever felt that your brain was purposefully trying to ruin your life,1,2025-11-05 20:07:22.650292,Technology,en,,news/01122f04-1bcb-42af-8bf0-6f4d62be488b.zip
541,fb1e1afc-6f06-446f-81ff-7edea5f08a97,CONTENT: This is a,1,2025-11-07 02:37:26.38173,Technology,en,,news/fb1e1afc-6f06-446f-81ff-7edea5f08a97.zip
543,96af8cfa-3c37-4462-8253-6e08961fd686,CONTENT: This is a,1,2025-11-07 02:47:34.862033,Technology,en,,news/96af8cfa-3c37-4462-8253-6e08961fd686.zip
545,058a3d56-2991-4817-8185-7c697634e2bd,CONTENT: This is a,1,2025-11-07 03:27:06.810329,Technology,en,,news/058a3d56-2991-4817-8185-7c697634e2bd.zip
556,b69209b4-66be-473a-940d-6d5acf1a9082,Advice Line with Tariq Farid of Edible Arrangements,1,2025-11-07 04:25:27.658214,Business and Investment,en,,news/b69209b4-66be-473a-940d-6d5acf1a9082.zip
557,a224f3bb-6895-4d85-a852-a78705f2f539,Advice Line with Tariq Farid of Edible Arrangements,1,2025-11-07 04:25:39.670947,Business and Investment,en,,news/a224f3bb-6895-4d85-a852-a78705f2f539.zip
558,f515ecc7-7801-4e0c-bec3-3c195987a1dc,Advice Line with Tariq Farid of Edible Arrangements,1,2025-11-07 04:25:43.315118,Business and Investment,en,,news/f515ecc7-7801-4e0c-bec3-3c195987a1dc.zip
510,4988fe45-7874-4c99-8d06-087d3dbfa56b,"Laredo elected mayor of Newton Marc Laredo is now mayor-elect of Newton, having defeated opponent Al Cecchinelli with 77 percent of the vote compared with Cecchinelli’s 13 percent, according to unofficial totals from the city clerk’s office by the Newton ",1,2025-11-05 15:23:43.27851,News and Politics,en,,news/4988fe45-7874-4c99-8d06-087d3dbfa56b.zip
511,a499e9fc-2a94-49ba-8100-a0bba53f784c,ARTICLE: Laredo elected mayor of Newton - Newton Beacon by Bryan McGonigle Marc Laredo is now mayor-elect of Newton,1,2025-11-05 15:23:49.749685,News and Politics,en,,news/a499e9fc-2a94-49ba-8100-a0bba53f784c.zip
512,214676eb-5e8c-4576-a1e6-af7da1922ef3,"Share This Story On: Get story alerts twice a week: * indicates required Email Address * First Name * Last Name * Related Posts Newton keeps its winter overnight parking ban November 5, 2025 Newton picks a new School Committee: Here’s who won November 5, ",1,2025-11-05 15:23:57.633551,News and Politics,en,,news/214676eb-5e8c-4576-a1e6-af7da1922ef3.zip
513,90cac5df-81fc-402c-99fd-fba5a39bb63c,ARTICLE: Newton picks a new School Committee: Here's who won - Newton Beacon by the Newton Teachers Association,1,2025-11-05 15:24:05.399365,News and Politics,en,,news/90cac5df-81fc-402c-99fd-fba5a39bb63c.zip
514,48622b69-d915-4a97-96e4-6f2028eb354c,ARTICLE: Newton keeps its winter overnight parking ban - Newton Beacon by Bryan McGonigle The push to repeal Newton’s winter overnight parking ban met a narrow defeat on Tuesday. Neither the “yes” nor the “no” side had a plural majority as of late Tuesday,1,2025-11-05 15:24:12.74545,Others,en,,news/48622b69-d915-4a97-96e4-6f2028eb354c.zip
522,c4ec8e64-9866-4f08-8b53-57b9b1f7c44d,Her oldest daughter was my age and was cheating on her husband and the whole family knew it; her son was in the middle of a messy div…,1,2025-11-05 20:07:03.12538,Lifestyle and Entertainment,en,,news/c4ec8e64-9866-4f08-8b53-57b9b1f7c44d.zip
523,66e78299-825b-4927-b451-f76c924a3b3a,From a teacher in an Evening class that I went to after work On the first night of the term he said “Half of you here will drop out of this class in a few weeks,1,2025-11-05 20:07:14.305377,Technology,en,,news/66e78299-825b-4927-b451-f76c924a3b3a.zip
526,dc79b985-db96-4c92-8e87-88769dd02b7c,"The bear, the horny bug of what that he is, decides that for his last wish he might as well go big, ""What the hell, make me the only male bear in the world",1,2025-11-05 20:07:43.668047,Technology,en,,news/dc79b985-db96-4c92-8e87-88769dd02b7c.zip
533,24bcb9aa-3c7d-4db2-8b51-93a127e6a663,"AgH $+춬B(k97la}<E""} 9ý|,47APe_ƮʗD>澱onZd )b>ӄpj0Unٖ#Mo'i>WcȪӎ`bqdFm8#q@<ToĔB548{\f痫ϭ\bKo7r>9_CO̗[ehU`ǫgPC8 @Pvx]jB:J$>s",1,2025-11-06 16:11:30.885179,Others,en,,news/24bcb9aa-3c7d-4db2-8b51-93a127e6a663.zip
546,53663dd0-8cfc-4da2-8ca2-45ea6605b209,"She was a new mom, writing code during nap time to solve her own problem: a modern registry that let you mix products from anywhere-and ask for practical help, like a month of diaper service or a friend to walk your dog by store and felt your heart rate s",1,2025-11-07 03:47:22.005083,Education and Learning,en,,news/53663dd0-8cfc-4da2-8ca2-45ea6605b209.zip
550,b5453e18-97a9-4849-8560-ead8842815c3,"She was a new mom, writing code during nap time to solve her own problem: a modern registry that let you mix products from anywhere-and ask for practical help, like a month of diaper service or a friend to walk your dog by store and felt your heart rate s",1,2025-11-07 04:04:16.39608,Education and Learning,en,,news/b5453e18-97a9-4849-8560-ead8842815c3.zip
552,efe08f65-0989-4764-b9b4-0969055ea6e6,"She was a new mom, writing code during nap time to solve her own problem: a modern registry that let you mix products from anywhere-and ask for practical help, like a month of diaper service or a friend to walk your dog by store and felt your heart rate s",1,2025-11-07 04:10:40.039006,Education and Learning,en,,news/efe08f65-0989-4764-b9b4-0969055ea6e6.zip
561,0af6cde5-e14c-4866-8a59-1cc5fbafe5e2,Advice Line with Tariq Farid of Edible Arrangements,1,2025-11-07 04:26:07.12723,Business and Investment,en,,news/0af6cde5-e14c-4866-8a59-1cc5fbafe5e2.zip
562,f2b05050-dd12-43f9-b56f-14273e569470,Advice Line with Tariq Farid of Edible Arrangements,1,2025-11-07 15:03:32.238168,Business and Investment,en,,news/f2b05050-dd12-43f9-b56f-14273e569470.zip
563,4c27a35b-1f20-4d55-af94-8506cc01c8e5,Advice Line with Tariq Farid of Edible Arrangements,1,2025-11-07 15:07:29.96723,Business and Investment,en,,news/4c27a35b-1f20-4d55-af94-8506cc01c8e5.zip
564,afbef315-430f-404a-94f7-8196cc4846bf,Advice Line with Tariq Farid of Edible Arrangements,1,2025-11-07 15:14:45.797746,Business and Investment,en,,news/afbef315-430f-404a-94f7-8196cc4846bf.zip
565,b41b4108-35a0-4921-8ca3-1eb9acb24ebc,Advice Line with Tariq Farid of Edible Arrangements,1,2025-11-07 15:17:17.802675,Business and Investment,en,,news/b41b4108-35a0-4921-8ca3-1eb9acb24ebc.zip
566,54756b09-58ce-4a50-86ba-f88808e208ba,Advice Line with Tariq Farid of Edible Arrangements,1,2025-11-07 15:18:01.714196,Business and Investment,en,,news/54756b09-58ce-4a50-86ba-f88808e208ba.zip
567,bdc9b973-0784-4a3a-8b0b-a58c8af5bddd,Advice Line with Tariq Farid of Edible Arrangements,1,2025-11-07 15:45:13.724734,Business and Investment,en,,news/bdc9b973-0784-4a3a-8b0b-a58c8af5bddd.zip
568,901cebe8-3106-451e-91be-f7a16091aa82,Advice Line with Tariq Farid of Edible Arrangements,1,2025-11-07 15:45:58.046133,Business and Investment,en,,news/901cebe8-3106-451e-91be-f7a16091aa82.zip
569,9d8ec482-4f3a-454a-86b9-2da13d8831bb,Advice Line with Tariq Farid of Edible Arrangements,1,2025-11-07 15:46:16.75977,Business and Investment,en,,news/9d8ec482-4f3a-454a-86b9-2da13d8831bb.zip
571,e548d641-b415-4a00-8c9b-4cee4dab0545,Advice Line with Tariq Farid of Edible Arrangements,1,2025-11-07 16:08:02.926508,Business and Investment,en,,news/e548d641-b415-4a00-8c9b-4cee4dab0545.zip
572,faf2bda6-d963-474d-a6c7-a6316a51c847,Advice Line with Tariq Farid of Edible Arrangements,1,2025-11-07 16:13:43.379448,Business and Investment,en,,news/faf2bda6-d963-474d-a6c7-a6316a51c847.zip
573,d7c9fa90-29df-42dd-9024-d3285858d2a2,Magnolia: Chip & Joanna Gaines. From House Flipping to Household Name,1,2025-11-07 16:15:56.954731,Lifestyle and Entertainment,en,,news/d7c9fa90-29df-42dd-9024-d3285858d2a2.zip
714,5b20470a-ea10-47fe-b985-459957b01cc6,A New Way to Think: Roger Martin,1,2025-11-20 16:57:06.69267,Business and Investment,en,,news/5b20470a-ea10-47fe-b985-459957b01cc6.zip
577,ee2cf4a2-1e72-4739-93a2-c3636293847c,Baseball's Magic Mud: Superstition or Science? (10/20/25),1,2025-11-07 16:16:32.921018,Lifestyle and Entertainment,en,,news/ee2cf4a2-1e72-4739-93a2-c3636293847c.zip
751,674d8297-216d-4c9f-887a-06b9a7c63266,Advice Line with Anthony Casalena of Squarespace,1,2025-11-20 18:25:54.353791,Technology,en,,news/674d8297-216d-4c9f-887a-06b9a7c63266.zip
580,a9b65f67-ab84-4207-b260-73842e3d599c,What’s the most fascinating local legend or folktale from your hometown,1,2025-11-07 16:17:04.039669,Technology,en,,news/a9b65f67-ab84-4207-b260-73842e3d599c.zip
758,79cb040a-f295-465c-a486-75a1d60dcb92,"A Podcast Turducken: With Wow in the World, Terrestrials and Circle Round (11/17/25)",1,2025-11-20 18:34:54.135918,Technology,en,,news/79cb040a-f295-465c-a486-75a1d60dcb92.zip
759,e5c71a3f-ff95-4cb7-92b3-7be3374de8c2,"A Podcast Turducken: With Wow in the World, Terrestrials and Circle Round (11/17/25)",1,2025-11-20 18:35:00.599313,Technology,en,,news/e5c71a3f-ff95-4cb7-92b3-7be3374de8c2.zip
767,efdaf58a-079b-4c4a-baef-485d16e6cfd0,ARTICLE: Financial data by submitting this form,1,2025-11-20 18:45:23.001004,Technology,en,,news/efdaf58a-079b-4c4a-baef-485d16e6cfd0.zip
791,4e90a72f-f260-41dc-b83b-d8674f7c14b9,ARTICLE: The Boston Globe by ICE in Revere; Brazil native came to US as a child Bruna Ferreira,1,2025-11-27 01:12:32.260753,News and Politics,en,,news/4e90a72f-f260-41dc-b83b-d8674f7c14b9.zip
871,cc0d9f41-59a2-4684-a9af-b6126624c2cc,Advice Line with Anthony Casalena of Squarespace,1,2025-12-05 18:03:54.045422,Technology,en,,news/cc0d9f41-59a2-4684-a9af-b6126624c2cc.zip
581,2d10f1bd-8dd4-4959-8b1a-ed82da4ca51c,What’s the most fascinating local legend or folktale from your hometown,1,2025-11-07 16:17:14.156563,Technology,en,,news/2d10f1bd-8dd4-4959-8b1a-ed82da4ca51c.zip
582,fd6f18e4-4759-492b-939f-9030753330b8,"He would tell them how glad he was they’d called, then ask them to help him decide on something",1,2025-11-07 16:17:24.77909,Technology,en,,news/fd6f18e4-4759-492b-939f-9030753330b8.zip
583,f5bdcc8d-55e3-403d-8536-790704ba6806,What was your worst experience being desperate to pee during a formal event,1,2025-11-07 16:17:34.390335,Technology,en,,news/f5bdcc8d-55e3-403d-8536-790704ba6806.zip
585,c599b5bb-9c2f-41d0-a39a-470196826283,Advice Line with Tariq Farid of Edible Arrangements,1,2025-11-07 16:24:25.034821,Business and Investment,en,,news/c599b5bb-9c2f-41d0-a39a-470196826283.zip
586,02f68920-5a7a-44a6-94d9-b7751ffa3d48,Spotify Episode - Content Expansion Test (FIXED),1,2025-11-07 19:21:10.396351,Business and Investment,en,,news/02f68920-5a7a-44a6-94d9-b7751ffa3d48.zip
587,6689d232-3cac-4fca-99e5-b09e4aba0ed5,"‘He loved the city’: Thousands gather to say goodbye to former Mayor Setti Warren On Thursday, thousands of people—city officials, legislators, members of Congress and everyday Newtonians alike—stood in a line that stretched through two floors of City Hal",1,2025-11-08 17:25:38.211252,News and Politics,en,,news/6689d232-3cac-4fca-99e5-b09e4aba0ed5.zip
588,5d3326a0-e806-4a33-87e6-219e0f158842,ARTICLE: 'He loved the city': Thousands gather to say goodbye to former Mayor Setti Warren - Newton Beacon by Bryan McGonigle On Thursday,1,2025-11-08 17:25:45.352828,News and Politics,en,,news/5d3326a0-e806-4a33-87e6-219e0f158842.zip
589,5c7392f8-6bb4-4880-9aaf-3eb7939ea156,"Courtesy photo Share This Story On: Get story alerts twice a week: * indicates required Email Address * First Name * Last Name * Related Posts ‘He loved the city’: Thousands gather to say goodbye to former Mayor Setti Warren November 6, 2025 In Brief: Coo",1,2025-11-08 17:25:54.497939,News and Politics,en,,news/5c7392f8-6bb4-4880-9aaf-3eb7939ea156.zip
46,22372129-cec1-4cc8-a773-21cad3314470,"",1,2025-08-14 03:50:36.723491,Others,en,,news/22372129-cec1-4cc8-a773-21cad3314470.zip
590,1bd62946-a087-481c-9a38-42c3407adc57,"ARTICLE: Analysis: The numbers show Newton is with Marc Laredo, against the NTA - Newton Beacon by Bryan McGonigle Marc Laredo is mayor-elect",1,2025-11-08 17:26:03.136082,News and Politics,en,,news/1bd62946-a087-481c-9a38-42c3407adc57.zip
592,d877d78f-265a-4455-a47b-6d99ea667186,"ARTICLE: In Brief: Cooper Center, jazz and trees - Newton Beacon by many but subconsciously appreciated by all.” The Gingersnaps Band",1,2025-11-08 17:26:20.509524,News and Politics,en,,news/d877d78f-265a-4455-a47b-6d99ea667186.zip
593,e5d9b6cc-65d0-4702-8f54-41b1d11bf830,ARTICLE: Five things to do in Newton this weekend - Newton Beacon by Bryan McGonigle Many in Newton could use some post-election fun and stress relief. Newton has you covered. The Newton Free Library is looking good for 150 years old,1,2025-11-08 17:26:29.096447,News and Politics,en,,news/e5d9b6cc-65d0-4702-8f54-41b1d11bf830.zip
594,3a4a3262-2225-4433-94aa-3c61e2047b19,ARTICLE: Letter to the Editor: Newton lost this election - Newton Beacon by Chaimanis ‘extreme’ talk October 27,1,2025-11-08 17:26:37.199502,Education and Learning,en,,news/3a4a3262-2225-4433-94aa-3c61e2047b19.zip
605,a00f8ddd-03ce-4f27-9b68-f5e3401dd0c6,State of emergency lifted in Amherst following apartment fire that displaced more than 230 residents Siege of Boston 250 years ago is mostly forgotten but may have been city’s most challenging time Mamdani’s victory inspires ‘hope’ among New England Musli,1,2025-11-10 06:20:11.494274,News and Politics,en,,news/a00f8ddd-03ce-4f27-9b68-f5e3401dd0c6.zip
606,45b703bf-f2ea-4a9a-a8ce-806a5af2e9cc,ARTICLE: Lightweight Cotton by submitting your email you agree to receive recurring automated marketing messages from SKIMS. View Terms & Privacy Text SKIMS to 68805 to never miss a drop! By texting SKIMS to 68805,1,2025-11-10 06:20:18.950789,Technology,en,,news/45b703bf-f2ea-4a9a-a8ce-806a5af2e9cc.zip
607,e923bb50-0bf9-4441-a769-6f858f2c2624,ARTICLE: The Boston Globe by Alex Speier Had Trevor Story exercised his right this offseason to opt out of his six-year,1,2025-11-10 06:20:23.746927,Technology,en,,news/e923bb50-0bf9-4441-a769-6f858f2c2624.zip
648,cc45ba16-26bc-47ae-9366-ad17c7fe35c5,Advice Line with John Zimmer of Lyft,1,2025-11-13 17:36:03.328516,Business and Investment,en,,news/cc45ba16-26bc-47ae-9366-ad17c7fe35c5.zip
717,196ce5f6-8f3d-477f-9ab3-23a3ccf2cc9f,Advice Line with John Zimmer of Lyft,1,2025-11-20 17:43:21.265934,Business and Investment,en,,news/196ce5f6-8f3d-477f-9ab3-23a3ccf2cc9f.zip
737,035cd1f5-743c-4d7e-af6b-7b4862839419,Advice Line with John Zimmer of Lyft,1,2025-11-20 18:18:15.652196,Business and Investment,en,,news/035cd1f5-743c-4d7e-af6b-7b4862839419.zip
757,d0e7ddde-a125-4281-bd4e-423db8f73eec,"From that tiny goal came Gymshark-a brand that now generates hundreds of millions in revenue, has a global community of athletes and creators, and has turned Ben into a 33-year-old founder running a multi-billion dollar business by choosing community over",1,2025-11-20 18:34:47.269945,Business and Investment,en,,news/d0e7ddde-a125-4281-bd4e-423db8f73eec.zip
610,f99dc1bf-c034-41a5-840a-2e895037f30a,ARTICLE: Lightweight Cotton by submitting your email you agree to receive recurring automated marketing messages from SKIMS. View Terms & Privacy Text SKIMS to 68805 to never miss a drop! By texting SKIMS to 68805,1,2025-11-10 06:21:35.235084,Technology,en,,news/f99dc1bf-c034-41a5-840a-2e895037f30a.zip
611,0213c2f2-95a4-4b8d-b0d1-c2a0b3fff920,ARTICLE: The Boston Globe by Alex Speier Had Trevor Story exercised his right this offseason to opt out of his six-year,1,2025-11-10 06:21:39.917074,Technology,en,,news/0213c2f2-95a4-4b8d-b0d1-c2a0b3fff920.zip
612,73fe0969-2484-41fe-a0fe-23c3eb68ab35,ARTICLE: The Boston Globe by ICE on Thursday after Zapata lost consciousness. Immigration Unmasked Newsletter: The less-visible ripple effects of Trump’s deportation policy ‘It’s a total mess,1,2025-11-10 06:21:46.579913,News and Politics,en,,news/73fe0969-2484-41fe-a0fe-23c3eb68ab35.zip
613,38d5e7d0-2d97-4bab-8dc2-ed4f8f3f4863,"JoNel Aleccia/Associated Press Medicare coverage: limited eligibility and uncertain access Medicare, the government-run health insurance for seniors, doesn’t cover GLP-1s for weight loss, with an exception for people who also have conditions like heart pr",1,2025-11-10 22:10:31.562131,News and Politics,en,,news/38d5e7d0-2d97-4bab-8dc2-ed4f8f3f4863.zip
614,996d9749-a934-42c9-aa32-34530df77655,ARTICLE: Senate takes first step toward ending the government shutdown by the Trump administration since the shutdown began on Oct. 1 and would ensure that federal workers receive back pay. Senate Majority Leader John Thune quickly endorsed the deal and c,1,2025-11-10 22:10:40.986688,News and Politics,en,,news/996d9749-a934-42c9-aa32-34530df77655.zip
616,4142d89b-b3f2-4d7f-97dd-032f3ce1186b,ARTICLE: Disney signs Boston-based DraftKings as ESPN’s new sports-betting partner by others to crack the business,1,2025-11-10 22:11:00.595823,Lifestyle and Entertainment,en,,news/4142d89b-b3f2-4d7f-97dd-032f3ce1186b.zip
617,85fd2b45-c517-44e5-a877-a45a53a11fc8,"ARTICLE: Boston judge, warning of ‘existential threat’ to democracy in searing essay, resigns by Wolf",1,2025-11-10 22:11:06.785916,News and Politics,en,,news/85fd2b45-c517-44e5-a877-a45a53a11fc8.zip
618,e9c105b6-6271-4104-8564-b7dfa15c411d,"Investigations Obituaries Death Notices Games & Puzzles Align Crossword Mini Crossword KenKen Sudoku Word Flower Business Technology Economy Housing Real Estate Biotech The Fine Print Bold Types Politics Money, Power, Inequality Climate Spotlight Opinion ",1,2025-11-10 22:11:16.171064,Lifestyle and Entertainment,en,,news/e9c105b6-6271-4104-8564-b7dfa15c411d.zip
619,948e1fec-a7e7-4125-bfaf-cfef5d0fc453,"Some of the online ads you are served may be based on the content of the page you’re visiting, some may be based on registration information you provide, and other ads may be customized based on predictions about your interests generated from your visits ",1,2025-11-10 22:11:21.515483,Technology,en,,news/948e1fec-a7e7-4125-bfaf-cfef5d0fc453.zip
620,9e6fcaec-58d4-4d94-9225-e412c492fd0a,"ARTICLE: In Trump’s Bizarro World, kneecapping Harvard will make America great again by Mass General Brigham",1,2025-11-10 22:11:27.013212,Technology,en,,news/9e6fcaec-58d4-4d94-9225-e412c492fd0a.zip
621,a6725c3a-a7cf-4e32-adea-4668dab70a17,"reach temporary deal to keep Roger Williams, Fatima hospitals open by Nov. 18. If the hospitals close",1,2025-11-10 22:11:36.862229,Education and Learning,en,,news/a6725c3a-a7cf-4e32-adea-4668dab70a17.zip
622,6cc8748b-d79a-498b-9c5f-4c6356ba4b28,CONTENT: We can't find that page It looks like you're trying to reach a page that was built by Mailchimp but is no longer active by Mailchimp but is no longer active. Want to know more about us? Visit mailchimp.com,1,2025-11-10 23:06:26.042913,Technology,en,,news/6cc8748b-d79a-498b-9c5f-4c6356ba4b28.zip
624,d6411882-40c1-443f-bcda-7e478f6b1fde,ARTICLE: Privacy Policy | The Boston Globe by the Boston Globe or our affiliates),1,2025-11-12 03:29:11.363918,Technology,en,,news/d6411882-40c1-443f-bcda-7e478f6b1fde.zip
625,ce5492d3-7c36-4b2c-9513-be47bfd50b8e,ARTICLE: ‘It blew me away’: Skyrocketing veterinary bills are hitting Massachusetts pet parents hard by car to their native Monterrey,1,2025-11-12 03:29:20.263811,News and Politics,en,,news/ce5492d3-7c36-4b2c-9513-be47bfd50b8e.zip
626,ae1c01bd-59ba-4c8a-a9a2-2eb5d4baa811,ARTICLE: Senate takes first step toward ending the government shutdown by the Trump administration since the shutdown began on Oct. 1 and would ensure that federal workers receive back pay. Senate Majority Leader John Thune quickly endorsed the deal and c,1,2025-11-12 03:29:29.261599,News and Politics,en,,news/ae1c01bd-59ba-4c8a-a9a2-2eb5d4baa811.zip
627,f469c3b9-92b4-4c4a-a237-27a249b51aab,’ How a Harvard media lab allegedly serves as a side door into the US for well-heeled Chinese students by using digital and virtual reality tools to transport audiences to northwestern China. It was an esoteric proposal,1,2025-11-12 03:29:37.844232,Education and Learning,en,,news/f469c3b9-92b4-4c4a-a237-27a249b51aab.zip
628,61f74206-73bd-4e34-8382-fb54f6df5bfb,ARTICLE: Disney signs Boston-based DraftKings as ESPN’s new sports-betting partner by others to crack the business,1,2025-11-12 03:29:47.556181,Lifestyle and Entertainment,en,,news/61f74206-73bd-4e34-8382-fb54f6df5bfb.zip
629,2edd94f0-a864-49c4-9a54-b1277b9b21e7,"CONTENT: November 11, 2025 Read online Immigration Unmasked: Our new weekly immigration by wind chills. These maps show how cold it’s about to get . Write to us at startingpoint@globe.com . To subscribe",1,2025-11-12 05:06:28.089781,News and Politics,en,,news/2edd94f0-a864-49c4-9a54-b1277b9b21e7.zip
631,851afbc5-8f5a-4297-b809-f7269a4a1190,"SNAP recipients: ‘Forget the noise’ from Washington, buy groceries by President Trump’s administration to claw back any released funds. “Forget the noise that you are hearing from Donald Trump. Forget the noise about further appeals to the Supreme Court",1,2025-11-12 05:06:43.685845,News and Politics,en,,news/851afbc5-8f5a-4297-b809-f7269a4a1190.zip
650,baf6a919-f30f-472d-b9ae-8388e5327664,A New Way to Think: Roger Martin,1,2025-11-13 17:37:50.478582,Business and Investment,en,,news/baf6a919-f30f-472d-b9ae-8388e5327664.zip
729,490af082-b5eb-4d57-a454-f0de4e5e34e2,A New Way to Think: Roger Martin,1,2025-11-20 18:09:12.0139,Business and Investment,en,,news/490af082-b5eb-4d57-a454-f0de4e5e34e2.zip
760,c6705f4b-3971-4a4e-be6f-3d9284e250f3,Gymshark: Ben Francis. From pizza delivery to billion-dollar fitness brand.,1,2025-11-20 18:35:59.054446,Lifestyle and Entertainment,en,,news/c6705f4b-3971-4a4e-be6f-3d9284e250f3.zip
633,d4229579-a26a-4ea5-af92-0ac7a072c2b6,ARTICLE: Ex-Stoughton deputy police chief returns to familiar defense in Birchmore case: ‘blame the victim’ by people accused of sexual misconduct,1,2025-11-12 05:06:58.245292,News and Politics,en,,news/d4229579-a26a-4ea5-af92-0ac7a072c2b6.zip
634,efa4d301-3e35-4694-b802-035b74c8c6ea,CONTENT: A federal judge in Maine Monday ordered the release of a woman from Ecuador whose violent arrest by ICE agents in Fitchburg last week in front of her husband and toddler was captured on video that went viral by ICE,1,2025-11-12 05:07:01.620408,News and Politics,en,,news/efa4d301-3e35-4694-b802-035b74c8c6ea.zip
636,3275f9c5-41e3-4944-b96c-e797d871a03b,It’s just the latest chapter in the career of this modern conman by phone. Advertisement It was not. Dutail,1,2025-11-12 05:07:12.080238,News and Politics,en,,news/3275f9c5-41e3-4944-b96c-e797d871a03b.zip
637,d49b844c-5f5d-446d-9431-3344f5ad576c,ARTICLE: Why dozens of local police agencies in New England are patrolling the northern border by US Border Patrol station to clock in for a very different shift: patrolling the Canadian border on behalf of the federal government. Depending on the agency’,1,2025-11-12 05:07:20.804562,News and Politics,en,,news/d49b844c-5f5d-446d-9431-3344f5ad576c.zip
638,d6f110a5-3480-4f7e-a890-2b9e24126f29,"Some of the online ads you are served may be based on the content of the page you’re visiting, some may be based on registration information you provide, and other ads may be customized based on predictions about your interests generated from your visits ",1,2025-11-13 03:55:26.691428,Technology,en,,news/d6f110a5-3480-4f7e-a890-2b9e24126f29.zip
639,f7d023d7-f2e1-4788-9528-bff5395c59e2,ARTICLE: What Trump’s GLP-1 deal means for the many Massachusetts residents who use weight-loss drugs by her employer,1,2025-11-13 03:55:31.654712,Education and Learning,en,,news/f7d023d7-f2e1-4788-9528-bff5395c59e2.zip
640,4d27eb01-f20b-442d-ad2d-f38b963dd882,ARTICLE: Senate takes first step toward ending the government shutdown by the Trump administration since the shutdown began on Oct. 1 and would ensure that federal workers receive back pay. Senate Majority Leader John Thune quickly endorsed the deal and c,1,2025-11-13 03:55:40.718836,News and Politics,en,,news/4d27eb01-f20b-442d-ad2d-f38b963dd882.zip
641,28836fe5-e068-4771-9afb-7c4de8425e80,ARTICLE: Boston Globe Media Terms of Service by all of the terms and conditions of these Terms of Service between you and Boston Globe Media Partners,1,2025-11-13 03:55:49.318912,News and Politics,en,,news/28836fe5-e068-4771-9afb-7c4de8425e80.zip
642,f5a50257-978d-4ed9-8b8b-32e1cb50c57a,"ARTICLE: To host the World Cup next year, Boston needs at least $100 million by the return of Sail Boston’s Tall Ships July 11-16 . To ensure that Massachusetts celebrates in grand fashion — after all",1,2025-11-13 03:55:58.94225,Lifestyle and Entertainment,en,,news/f5a50257-978d-4ed9-8b8b-32e1cb50c57a.zip
644,b7026e86-aef8-48e1-9bc2-37aba9524aa3,ARTICLE: The Boston Globe by a Republican-led committee show Epstein corresponded with Larry Summers,1,2025-11-13 17:22:34.048253,News and Politics,en,,news/b7026e86-aef8-48e1-9bc2-37aba9524aa3.zip
645,2e8403ff-a561-43a9-ad71-ad75262cef45,"ARTICLE: Harvard students think it’s unfair ‘when they work hard and don’t get an A,’ internal report says by online instruction during the pandemic",1,2025-11-13 17:22:44.424565,Education and Learning,en,,news/2e8403ff-a561-43a9-ad71-ad75262cef45.zip
646,24cac49b-6754-477d-8916-85489dea905e,ARTICLE: Privacy Policy | The Boston Globe by the Boston Globe or our affiliates),1,2025-11-13 17:22:53.439116,Technology,en,,news/24cac49b-6754-477d-8916-85489dea905e.zip
647,7f2b6ae4-f7f4-4f08-a8e4-93e6a444c487,Magnolia: Chip & Joanna Gaines. From House Flipping to Household Name,1,2025-11-13 17:35:08.087485,Lifestyle and Entertainment,en,,news/7f2b6ae4-f7f4-4f08-a8e4-93e6a444c487.zip
649,91ce8eea-b4fb-443e-9ca9-63e24ac9c813,Regina Spektor: From Temping as a Receptionist to Your Favorite Artist's Favorite Artist,1,2025-11-13 17:36:58.019295,Lifestyle and Entertainment,en,,news/91ce8eea-b4fb-443e-9ca9-63e24ac9c813.zip
651,cfb1c791-fd3d-4d12-9032-c6dc09e6b7e0,"CONTENT: November 13, 2025 Read online Immigration Unmasked: Our new weekly immigration by . After the Globe chronicled serious lapses at group homes for Massachusetts youth in state care",1,2025-11-13 17:54:45.659403,News and Politics,en,,news/cfb1c791-fd3d-4d12-9032-c6dc09e6b7e0.zip
652,ce066022-a2de-4fb1-bec6-3bb274b9a37d,ARTICLE: Virginia Giuffre’s family expresses shock over Trump saying Epstein ‘stole’ her by Epstein,1,2025-11-13 17:54:55.883914,News and Politics,en,,news/ce066022-a2de-4fb1-bec6-3bb274b9a37d.zip
654,dc908410-9459-4583-b3b5-73ce07d2de59,ARTICLE: A Jamaica Plain 80-year-old fell for ‘a very sophisticated tag-team scam by knows his way around the block,1,2025-11-13 17:55:11.859499,Technology,en,,news/dc908410-9459-4583-b3b5-73ce07d2de59.zip
655,a0a2ee56-af30-44ce-9a4a-f4fbec478f18,ARTICLE: The Penny Dies at 232 by SKIP ADVERTISEMENT The Penny Dies at 232 A long decline into irrelevance ended on Wednesday in Philadelphia. Listen to this article · 3:37 min Learn more Share full article 893 The penny,1,2025-11-13 17:55:16.782841,Business and Investment,en,,news/a0a2ee56-af30-44ce-9a4a-f4fbec478f18.zip
656,788b0c7f-09fa-4d2f-a8fc-6349262b0a58,"” Homeless for more than a year after a fight with her mother, Fernandez bounced among shelters and temporary living spaces until securing an apartment in August and a job handling packages at FedEx by stray bullet.",1,2025-11-13 17:55:25.966285,News and Politics,en,,news/788b0c7f-09fa-4d2f-a8fc-6349262b0a58.zip
657,4eb22181-38ed-4393-8925-977badcd41b6,"ARTICLE: In Nova Scotia, Mayor Michelle Wu receives the ‘Tree for Boston,’ and a warm Canadian embrace by ax and chain saw from every side",1,2025-11-13 17:55:34.398622,News and Politics,en,,news/4eb22181-38ed-4393-8925-977badcd41b6.zip
658,3f5d13ce-3cd7-4400-bead-71a2fb89d487,"33 ramen, peanut butter, and community: How the state’s most food insecure get by by the time the US Department of Agriculture announced that SNAP benefits for November would not be released because of the government shutdown",1,2025-11-13 17:55:43.658995,News and Politics,en,,news/3f5d13ce-3cd7-4400-bead-71a2fb89d487.zip
659,d480104c-9a87-4f50-97e5-0c1c4ed2fb6e,ARTICLE: Kids and grandparents live under one roof as the ‘sandwich generation’ cares for both by a similar birthspan,1,2025-11-13 17:55:52.771789,Technology,en,,news/d480104c-9a87-4f50-97e5-0c1c4ed2fb6e.zip
761,ebe0e7d0-6f8d-47dc-9595-caabf6d9a395,Advice Line with Anthony Casalena of Squarespace,1,2025-11-20 18:37:14.497137,Technology,en,,news/ebe0e7d0-6f8d-47dc-9595-caabf6d9a395.zip
608,6fab51b3-4fe2-4cfe-a415-9e229dbee98b,ARTICLE: The Boston Globe by ICE on Thursday after Zapata lost consciousness. Immigration Unmasked Newsletter: The less-visible ripple effects of Trump’s deportation policy ‘It’s a total mess,1,2025-11-10 06:20:30.674037,News and Politics,en,,news/6fab51b3-4fe2-4cfe-a415-9e229dbee98b.zip
662,5ba54cfd-4084-4e1d-8834-2a98b100dba2,qs=48cc5cd6e4191b69a0689eb7bad567391e19b1af828bef9317ffa43f142642bf0b4a30bedf97f148d69925ba7d78312f7bc6a838c68b3c3358dc1592ecfe90d9507cda00d8128ae41be82164ea8c95a99eac5c3445cf8d5b149c426711e95931,1,2025-11-13 19:37:04.658276,Technology,en,,news/5ba54cfd-4084-4e1d-8834-2a98b100dba2.zip
663,4ba55115-8c65-4917-9fc4-bb98e1888981,qs=48cc5cd6e4191b69a0689eb7bad567391e19b1af828bef9317ffa43f142642bf0b4a30bedf97f148d69925ba7d78312f7bc6a838c68b3c3358dc1592ecfe90d9507cda00d8128ae41be82164ea8c95a99eac5c3445cf8d5b149c426711e95931,1,2025-11-14 16:47:45.912621,Technology,en,,news/4ba55115-8c65-4917-9fc4-bb98e1888981.zip
664,85d73425-c6c7-4fdb-802d-8b02dad2a087,"(NYSE: SPCE) (“Virgin Galactic” or the “Company”) today announced its financial results for the third quarter ended September 30, 2025 and provided a business update by the week and our first commercial spaceflight continuing to track for Q4 2026",1,2025-11-14 16:51:17.663268,Business and Investment,en,,news/85d73425-c6c7-4fdb-802d-8b02dad2a087.zip
666,47021642-fc11-4c59-9bcf-cd5772da9883,AUTHENTICATED ARTICLE: Boston Globe Article by the federal government created a great deal of anxiety and fear,1,2025-11-17 15:17:43.328698,News and Politics,en,,news/47021642-fc11-4c59-9bcf-cd5772da9883.zip
667,8c62d355-ee84-4b08-88a2-4edc6dbf3476,AUTHENTICATED ARTICLE: Boston Globe Article by their response,1,2025-11-17 15:18:18.380125,Business and Investment,en,,news/8c62d355-ee84-4b08-88a2-4edc6dbf3476.zip
668,a92bce7b-6b38-4292-aa24-6a40be689e0c,AUTHENTICATED ARTICLE: Boston Globe Article by Representative David Muradian of Grafton to allow gamblers to use their phones to place bets on poker,1,2025-11-17 15:18:49.441747,News and Politics,en,,news/a92bce7b-6b38-4292-aa24-6a40be689e0c.zip
669,d908370a-a697-4e6e-b320-1c4f3e074012,AUTHENTICATED ARTICLE: Boston Globe Article by sculptor Sergey Eylanbekov. He also created the city’s statues of John Hancock,1,2025-11-17 15:19:21.999085,News and Politics,en,,news/d908370a-a697-4e6e-b320-1c4f3e074012.zip
670,06edc181-dd10-4e02-aea3-c4c6ddca53a7,ARTICLE: Mini Crossword Puzzle | The Boston Globe by Boston local and Boswords founder John Lieb,1,2025-11-17 15:19:52.833169,Technology,en,,news/06edc181-dd10-4e02-aea3-c4c6ddca53a7.zip
671,5689d1da-4582-4088-94d0-75e64ef2be0e,AUTHENTICATED ARTICLE: Boston Globe Article by the lessons he’s learned on his record-setting quest. Cooper read the drafts and offered suggestions.) When they tell the story of their friendship,1,2025-11-17 15:20:27.885406,Others,en,,news/5689d1da-4582-4088-94d0-75e64ef2be0e.zip
673,6b4bf988-2aee-4ac6-8ab1-efe251f0f961,ARTICLE: We asked 150 Bostonians about wealth and financial security by Andrew Nguyen and Kris Hooks,1,2025-11-17 15:21:28.085505,News and Politics,en,,news/6b4bf988-2aee-4ac6-8ab1-efe251f0f961.zip
674,7ea553dd-af55-4d20-a2fc-246704af2983,AUTHENTICATED ARTICLE: Boston Globe Article by the Commerce Department “yet another retaliatory effort targeting Harvard for defending its rights and freedom.” A new tax rate affecting a small group of the country’s wealthiest universities will take effec,1,2025-11-17 15:22:03.364894,News and Politics,en,,news/7ea553dd-af55-4d20-a2fc-246704af2983.zip
675,7ad8ec2b-e3b9-44c2-85e2-503d40cb0d1d,"I did not see the reschedule email :( … I’ll be done with my earlier meeting in Natick by 1:00 PM … so anytime after is fine, the drive time is ~10 mins from Natick to trail head",1,2025-11-17 15:34:34.369158,Technology,en,,news/7ad8ec2b-e3b9-44c2-85e2-503d40cb0d1d.zip
676,94bccdbc-0df4-44a3-a470-52555cacbeac,"President Trump, faced with the likelihood that many House Republicans will vote this week to force his administration to release documents related to the sex offender Jeffrey Epstein, reversed course and said they should do so because “we have nothing to",1,2025-11-18 02:40:54.484203,News and Politics,en,,news/94bccdbc-0df4-44a3-a470-52555cacbeac.zip
677,8f731c16-b644-409b-950e-799d15253ed6,AUTHENTICATED ARTICLE: Boston Globe Article by the federal government created a great deal of anxiety and fear,1,2025-11-18 02:41:51.245403,News and Politics,en,,news/8f731c16-b644-409b-950e-799d15253ed6.zip
678,e4003991-846d-4273-8b91-fcec8770092c,AUTHENTICATED ARTICLE: Boston Globe Article by their response,1,2025-11-18 02:42:21.991636,Business and Investment,en,,news/e4003991-846d-4273-8b91-fcec8770092c.zip
679,0d44dd68-2633-4d20-9924-6312a63133ed,AUTHENTICATED ARTICLE: Boston Globe Article by Representative David Muradian of Grafton to allow gamblers to use their phones to place bets on poker,1,2025-11-18 02:43:09.354056,News and Politics,en,,news/0d44dd68-2633-4d20-9924-6312a63133ed.zip
680,b0da61ec-ac73-4179-b2a0-f916bd8941bb,AUTHENTICATED ARTICLE: Boston Globe Article by sculptor Sergey Eylanbekov. He also created the city’s statues of John Hancock,1,2025-11-18 02:43:58.925718,News and Politics,en,,news/b0da61ec-ac73-4179-b2a0-f916bd8941bb.zip
681,7b5da3d6-b09d-4455-afdb-551a5bd28f57,ARTICLE: Mini Crossword Puzzle | The Boston Globe by Boston local and Boswords founder John Lieb,1,2025-11-18 02:44:27.897425,Technology,en,,news/7b5da3d6-b09d-4455-afdb-551a5bd28f57.zip
683,3087f8ef-3520-417c-b854-780db0fc8337,"Speaking to the Greater Boston Chamber of Commerce in the Seaport offices of law firm Nutter, McClennen & Fish, Neal called the record-length shutdown an “unfortunate outcome” but said the health care subsidies at the crux of the Republican-Democrat dispu",1,2025-11-18 02:45:27.682268,News and Politics,en,,news/3087f8ef-3520-417c-b854-780db0fc8337.zip
684,8cb74eca-9116-4647-a18f-57521a5d6349,ARTICLE: We asked 150 Bostonians about wealth and financial security by Andrew Nguyen and Kris Hooks,1,2025-11-18 02:45:55.396607,News and Politics,en,,news/8cb74eca-9116-4647-a18f-57521a5d6349.zip
685,64dcf2f9-0bd7-4135-8332-806ecbe2ca44,AUTHENTICATED ARTICLE: Boston Globe Article by the Commerce Department “yet another retaliatory effort targeting Harvard for defending its rights and freedom.” A new tax rate affecting a small group of the country’s wealthiest universities will take effec,1,2025-11-18 02:46:29.86454,News and Politics,en,,news/64dcf2f9-0bd7-4135-8332-806ecbe2ca44.zip
830,727b499b-db44-4a6e-8a83-18b76ae50eaf,ARTICLE: Align | Boston Globe Games by Brendan Emmett Quigley and Ben Gottlieb. Each day you’ll unscramble a new grid of words,1,2025-11-27 20:56:27.330915,Lifestyle and Entertainment,en,,news/727b499b-db44-4a6e-8a83-18b76ae50eaf.zip
690,3c4b0348-b7d2-48f1-9ec1-e9900d8a95a0,ARTICLE: All Telecommunicati­ons by Synpulse Swissquote Bank,1,2025-11-19 03:57:40.749253,News and Politics,en,,news/3c4b0348-b7d2-48f1-9ec1-e9900d8a95a0.zip
691,17a3a773-254a-49f0-b05d-b019f1071bec,"Items per page: 25 per page 50 per page 75 per page 100 per page Latest 10:30 CST InterContinental Bali Sanur Resort - Where Beachfront Luxury Meets Balinese Hospitality Perfectly located in one of Bali's most favourite destination, Sanur, a coastal stret",1,2025-11-19 03:58:02.63541,Lifestyle and Entertainment,en,,news/17a3a773-254a-49f0-b05d-b019f1071bec.zip
692,91be1039-2471-43a7-acb0-5856c1acebb3,"ARTICLE: Diversity, Equity & Inclusion by Singapore Management University (SMU) has revealed that while Singaporeans care deeply about inclusion",1,2025-11-19 03:58:12.525731,Technology,en,,news/91be1039-2471-43a7-acb0-5856c1acebb3.zip
693,85436da5-1f50-449d-b0a7-3c8bf9dd44ba,"21 Oct, 2025, 14:45 CST Getinge Interim Report July-September 2025: High organic sales growth and stronger margins despite geopolitical headwinds ""We demonstrated strength in the third quarter with significant organic growth, improved profitability and ca",1,2025-11-19 03:58:24.453326,Business and Investment,en,,news/85436da5-1f50-449d-b0a7-3c8bf9dd44ba.zip
694,5f8f434d-6c5a-4fbc-b774-5b7294285334,"Most recently, she was President of that business, responsible for ICE Bonds execution venues, securities pricing and analytics, reference data, indices, desktop solutions, consolidated feeds and connectivity services that cover all major asset classes",1,2025-11-19 03:58:35.225031,Business and Investment,en,,news/5f8f434d-6c5a-4fbc-b774-5b7294285334.zip
695,36c0bf08-1c73-444b-8218-36ce29830059,ARTICLE: Human Resource & Workforce Management by nearly seven million in... 14 Nov,1,2025-11-19 03:58:41.879546,News and Politics,en,,news/36c0bf08-1c73-444b-8218-36ce29830059.zip
697,5d861aac-3198-4157-a6cf-0db16b28f2bc,ARTICLE: Multichannel Amplification™:Maximize the Effectiveness of Your Communications Campaigns by PR Newswire’s most trusted,1,2025-11-19 04:05:18.830844,News and Politics,en,,news/5d861aac-3198-4157-a6cf-0db16b28f2bc.zip
698,5bb7229d-2f29-43f5-b1e4-e6aab4789fa8,CONTENT: PRODUCTS Effectively Manage Your Campaign Lifecycle with PR Newswire’s Suite of Powerful Media Intelligence & Distribution Solutions Best Press Release Distribution Increase media pickup by 48% and search visibility by 3X our nearest competitor w,1,2025-11-19 04:05:25.836925,Technology,en,,news/5bb7229d-2f29-43f5-b1e4-e6aab4789fa8.zip
699,f8af73e5-8851-41db-b0c5-23da48d9fff3,"21 May, 2025, 03:59 CST GATE Energy & HD Hyundai Heavy Industries Enter Strategic MOU for Offshore EPC & Commissioning Collaboration GATE Energy and HD Hyundai Heavy Industries (HHI) have signed a Memorandum of Understanding (MOU) formalizing their intent",1,2025-11-19 04:05:30.602795,Technology,en,,news/f8af73e5-8851-41db-b0c5-23da48d9fff3.zip
700,5687ffbd-a1c1-4ed7-9e18-fdf998453d26,ARTICLE: General Manufacturing by actively exploring participation in... 17 Nov,1,2025-11-19 04:05:39.679456,News and Politics,en,,news/5687ffbd-a1c1-4ed7-9e18-fdf998453d26.zip
701,1456c57c-8f98-450f-b701-f4929b2fa814,ARTICLE: All Consumer Technology by Koelnmesse Pte Ltd,1,2025-11-19 04:06:11.870728,Technology,en,,news/1456c57c-8f98-450f-b701-f4929b2fa814.zip
702,bfba0710-50db-4483-9ece-f9e65db13567,"22 Oct, 2025, 11:27 CST Bank Indonesia Successfully Hosts the Peak Event of IN2MOTIONFEST 2025, Showcasing 1,785 Modest Fashion Works Highlighting the Richness of Indonesian Wastra (Traditional Textiles) Teaming up with the Indonesian Fashion Chamber (IFC",1,2025-11-19 04:06:24.049207,Business and Investment,en,,news/bfba0710-50db-4483-9ece-f9e65db13567.zip
703,28c978e4-072f-4f72-ac72-cbfbdbfc253c,"Recognized by HGTV as “America’s second-best Christmas town,” this coastal gem transforms into a winter wonderland every December—complete with twinkling lights, sea-sprayed carols, and streets lined with evergreen garlands by HGTV as “America’s second-be",1,2025-11-19 22:11:06.114651,Lifestyle and Entertainment,en,,news/28c978e4-072f-4f72-ac72-cbfbdbfc253c.zip
704,85f5de8f-f4a6-4b58-bf28-c0369ffedd04,"CONTENT: Recognized by HGTV as “America’s second-best Christmas town,” this coastal gem transforms into a winter wonderland every December —complete with twinkling lights, sea-sprayed carols, and streets lined with evergreen garlands by HGTV as “America’s",1,2025-11-19 22:39:23.934434,Lifestyle and Entertainment,en,,news/85f5de8f-f4a6-4b58-bf28-c0369ffedd04.zip
705,cb55ac6e-8972-4df2-b264-2505f627d837,Magnolia: Chip & Joanna Gaines. From House Flipping to Household Name,1,2025-11-20 16:54:24.02085,Lifestyle and Entertainment,en,,news/cb55ac6e-8972-4df2-b264-2505f627d837.zip
707,b386da7d-bf82-400b-9332-d2fe01838ab3,Whats the most embarrasing thing thats happened to you while trying to be cool,1,2025-11-20 16:55:47.923153,Lifestyle and Entertainment,en,,news/b386da7d-bf82-400b-9332-d2fe01838ab3.zip
708,e9eb562c-5415-4714-beeb-7fece8ef7087,Whats the most embarrasing thing thats happened to you while trying to be cool,1,2025-11-20 16:55:57.794883,Technology,en,,news/e9eb562c-5415-4714-beeb-7fece8ef7087.zip
710,ba67507a-cceb-4087-b89c-bfa5a3f2743f,Regina Spektor: From Temping as a Receptionist to Your Favorite Artist's Favorite Artist,1,2025-11-20 16:56:12.411549,Lifestyle and Entertainment,en,,news/ba67507a-cceb-4087-b89c-bfa5a3f2743f.zip
711,83912607-90d1-446a-8401-719548cc9da4,One of the counselors was a musician from Spain who had to pass a psychology exam in order to graduate,1,2025-11-20 16:56:20.90407,Education and Learning,en,,news/83912607-90d1-446a-8401-719548cc9da4.zip
712,3e8f80cb-f44b-4b06-8766-9ab41d3b0f6f,What's the absolute strangest or funniest personal secret you've ever kept hidden just in case I called on you during crowd work at a show,1,2025-11-20 16:56:29.984064,Technology,en,,news/3e8f80cb-f44b-4b06-8766-9ab41d3b0f6f.zip
713,18202f43-452a-4c2a-98b1-08c61d8e333b,"Jokes, Humour & Funny stories 🤣😹🙈😆 · October 18, 2021 by mistake.",1,2025-11-20 16:56:40.436688,Technology,en,,news/18202f43-452a-4c2a-98b1-08c61d8e333b.zip
715,6a1ca0c2-337d-4282-b0ac-2c4169bd2a2a,Baseball's Magic Mud: Superstition or Science? (10/20/25),1,2025-11-20 16:57:59.849885,Lifestyle and Entertainment,en,,news/6a1ca0c2-337d-4282-b0ac-2c4169bd2a2a.zip
716,7482a235-62d2-4f9d-97ee-1566da051005,Magnolia: Chip & Joanna Gaines. From House Flipping to Household Name,1,2025-11-20 17:42:22.176845,Lifestyle and Entertainment,en,,news/7482a235-62d2-4f9d-97ee-1566da051005.zip
738,3388ef36-ab42-4b88-ae96-b2d57d543b30,"ARTICLE: Under ICE crackdown, thousands of students have left Mass by his mother outside of Stacy Middle School in Milford. Three weeks later",1,2025-11-20 18:18:25.049175,Education and Learning,en,,news/3388ef36-ab42-4b88-ae96-b2d57d543b30.zip
739,cd2f2683-1936-4490-ac63-12385de4cca2,ARTICLE: Mini Crossword Puzzle | The Boston Globe by Boston local and Boswords founder John Lieb,1,2025-11-20 18:18:33.691768,Technology,en,,news/cd2f2683-1936-4490-ac63-12385de4cca2.zip
741,2852a437-75fd-4c38-bf74-a50f5fcd8bad,"“We are feeling angry at being treated as political pawns, again, so that billionaires can have more money while the people that we serve are being strained even further and having to worry again about their benefits being at play,” she told MSNBC host Ch",1,2025-11-20 18:18:45.54051,News and Politics,en,,news/2852a437-75fd-4c38-bf74-a50f5fcd8bad.zip
742,ae336e6f-c389-460d-8457-9f911a06bf70,"Let’s start up at around 18,000 feet, where a strong flow from the northwest continues to carve out what we call a trough of low pressure to start the work week",1,2025-11-20 18:18:54.879072,Technology,en,,news/ae336e6f-c389-460d-8457-9f911a06bf70.zip
743,3e69a41a-a8df-4563-a59c-07494f81283b,ARTICLE: The Harvard Plan Episode 3: The Endless Frontier by training,1,2025-11-20 18:19:02.842593,Technology,en,,news/3e69a41a-a8df-4563-a59c-07494f81283b.zip
744,ebac77c6-1711-45f6-829f-bcbf57020ffc,Regina Spektor: From Temping as a Receptionist to Your Favorite Artist's Favorite Artist,1,2025-11-20 18:19:14.586708,Lifestyle and Entertainment,en,,news/ebac77c6-1711-45f6-829f-bcbf57020ffc.zip
745,5a086bcb-cfe0-4dc1-8035-799f3de24ec5,"ARTICLE: As Somerville’s next mayor prepares to take over, he has familiar help: the city’s longest-serving mayor by a large margin voted out incumbent Mayor Katjana Ballantyne",1,2025-11-20 18:19:12.698227,News and Politics,en,,news/5a086bcb-cfe0-4dc1-8035-799f3de24ec5.zip
748,75e64a8d-f6b6-45c0-b8a1-85eebe0cee91,Baseball's Magic Mud: Superstition or Science? (10/20/25),1,2025-11-20 18:21:11.398626,Lifestyle and Entertainment,en,,news/75e64a8d-f6b6-45c0-b8a1-85eebe0cee91.zip
749,e9a25d45-5fe6-467c-8ff3-32b6cd34c4e6,"From that tiny goal came Gymshark-a brand that now generates hundreds of millions in revenue, has a global community of athletes and creators, and has turned Ben into a 33-year-old founder running a multi-billion dollar business by choosing community over",1,2025-11-20 18:24:40.676169,Business and Investment,en,,news/e9a25d45-5fe6-467c-8ff3-32b6cd34c4e6.zip
750,c3950fcc-e078-4eb2-90aa-3ac31380d0d8,Gymshark: Ben Francis. From pizza delivery to billion-dollar fitness brand.,1,2025-11-20 18:25:48.073735,Lifestyle and Entertainment,en,,news/c3950fcc-e078-4eb2-90aa-3ac31380d0d8.zip
754,ed18a252-9607-4ce2-85be-199051bf984b,"From that tiny goal came Gymshark-a brand that now generates hundreds of millions in revenue, has a global community of athletes and creators, and has turned Ben into a 33-year-old founder running a multi-billion dollar business by choosing community over",1,2025-11-20 18:32:04.998457,Business and Investment,en,,news/ed18a252-9607-4ce2-85be-199051bf984b.zip
755,b1fb28c7-9bca-4e91-bfa8-fc4e91b205e5,Gymshark: Ben Francis. From pizza delivery to billion-dollar fitness brand.,1,2025-11-20 18:33:04.143378,Lifestyle and Entertainment,en,,news/b1fb28c7-9bca-4e91-bfa8-fc4e91b205e5.zip
901,58705644-d5e8-4d7d-af57-36a84c3f9950,ARTICLE: Quora Content by and large. They have made the rules. If they had made the kind of rules a woman ruled world would have made,1,2025-12-22 16:54:05.011446,Education and Learning,en,,news/58705644-d5e8-4d7d-af57-36a84c3f9950.zip
719,6f612afb-496e-4f2a-b4ce-b4d23a634820,ARTICLE: Mini Crossword Puzzle | The Boston Globe by Boston local and Boswords founder John Lieb,1,2025-11-20 17:45:33.0405,Technology,en,,news/6f612afb-496e-4f2a-b4ce-b4d23a634820.zip
721,689b3e4c-cf4b-4098-af76-865c7b3159b0,AUTHENTICATED ARTICLE: Boston Globe Article by sculptor Sergey Eylanbekov. He also created the city’s statues of John Hancock,1,2025-11-20 17:46:16.945036,News and Politics,en,,news/689b3e4c-cf4b-4098-af76-865c7b3159b0.zip
722,bc550609-4e9f-4190-b42d-113ce302717b,AUTHENTICATED ARTICLE: Boston Globe Article by stressing that Mei was speaking for herself and the union,1,2025-11-20 17:46:48.487429,News and Politics,en,,news/bc550609-4e9f-4190-b42d-113ce302717b.zip
723,2763983a-284e-4e21-82d0-e83c683c8f15,"Let’s start up at around 18,000 feet, where a strong flow from the northwest continues to carve out what we call a trough of low pressure to start the work week",1,2025-11-20 17:47:22.583003,News and Politics,en,,news/2763983a-284e-4e21-82d0-e83c683c8f15.zip
724,23509443-5ef6-4027-b3d0-7bf16a0ff5a7,AUTHENTICATED ARTICLE: Boston Globe Article by training,1,2025-11-20 17:48:03.774878,Technology,en,,news/23509443-5ef6-4027-b3d0-7bf16a0ff5a7.zip
725,f4ad06d0-5558-4087-bc14-79dd3e77496e,AUTHENTICATED ARTICLE: Boston Globe Article by a large margin voted out incumbent Mayor Katjana Ballantyne,1,2025-11-20 17:48:38.510385,News and Politics,en,,news/f4ad06d0-5558-4087-bc14-79dd3e77496e.zip
726,c8de7b03-7235-45a9-a16c-8791045ec076,AUTHENTICATED ARTICLE: Boston Globe Article by Representative David Muradian of Grafton to allow gamblers to use their phones to place bets on poker,1,2025-11-20 17:49:13.227654,News and Politics,en,,news/c8de7b03-7235-45a9-a16c-8791045ec076.zip
727,4fcd9f7a-c9bd-4220-9f3f-1c6e43519f31,Magnolia: Chip & Joanna Gaines. From House Flipping to Household Name,1,2025-11-20 18:06:55.475124,Lifestyle and Entertainment,en,,news/4fcd9f7a-c9bd-4220-9f3f-1c6e43519f31.zip
730,cd655a33-1e67-4b36-a445-1d4ea67f0928,Baseball's Magic Mud: Superstition or Science? (10/20/25),1,2025-11-20 18:10:08.095951,Lifestyle and Entertainment,en,,news/cd655a33-1e67-4b36-a445-1d4ea67f0928.zip
731,5be4782b-9b1c-489e-84ae-bc863d28db92,Magnolia: Chip & Joanna Gaines. From House Flipping to Household Name,1,2025-11-20 18:11:37.498716,Lifestyle and Entertainment,en,,news/5be4782b-9b1c-489e-84ae-bc863d28db92.zip
733,9cdc6947-68b6-4234-9571-92f4498e9779,Regina Spektor: From Temping as a Receptionist to Your Favorite Artist's Favorite Artist,1,2025-11-20 18:13:37.979864,Lifestyle and Entertainment,en,,news/9cdc6947-68b6-4234-9571-92f4498e9779.zip
735,0aa7de9f-a670-49d0-bd3e-6189159da291,Baseball's Magic Mud: Superstition or Science? (10/20/25),1,2025-11-20 18:15:36.556674,Lifestyle and Entertainment,en,,news/0aa7de9f-a670-49d0-bd3e-6189159da291.zip
763,5c46d7f2-5dd0-4bed-b862-45656482be39,2KB • PDF Teams administrator's installation and configuration guide with ADM 2,1,2025-11-20 18:44:55.58371,Technology,en,,news/5c46d7f2-5dd0-4bed-b862-45656482be39.zip
764,2241570e-2270-4c0e-a641-0af487b6a153,ARTICLE: Commercial Disclosure by placing your order for your subscription in accordance with the Terms and Conditions,1,2025-11-20 18:45:02.050428,Technology,en,,news/2241570e-2270-4c0e-a641-0af487b6a153.zip
765,64d213fd-b4f4-4115-bec1-b4e3fa947523,ARTICLE: Reuters Investigates by Planet Labs shows deck cargo ships,1,2025-11-20 18:45:08.120089,News and Politics,en,,news/64d213fd-b4f4-4115-bec1-b4e3fa947523.zip
768,7913aea6-77f8-404a-be6b-ffb75d50d167,ARTICLE: Thomson Reuters Digital Accessibility Policy by all people. The reasons for this are many,1,2025-11-20 18:45:29.612827,News and Politics,en,,news/7913aea6-77f8-404a-be6b-ffb75d50d167.zip
769,df54eff0-3b61-4d9e-b7b0-eb16ea4bef23,ARTICLE: Diversity and inclusion at Reuters in 2023 by 20% or more by the end of 2025 Doubling the number of Black leaders by the end of 2025 Ensuring that 45% or more of senior leadership positions are held by women by the end of 2025 Raising the proport,1,2025-11-20 18:45:38.459981,News and Politics,en,,news/df54eff0-3b61-4d9e-b7b0-eb16ea4bef23.zip
771,2501bf88-d064-439f-815e-47915322605f,ARTICLE: A Cancer Diagnosis Brings a New Season of Grief to the Kennedy Family by SKIP ADVERTISEMENT A Cancer Diagnosis Brings a New Season of Grief to the Kennedy Family Tatiana Schlossberg,1,2025-11-25 18:29:36.844696,Others,en,,news/2501bf88-d064-439f-815e-47915322605f.zip
772,a7c29863-8fcd-4783-83f7-c5a26b8cc70c,ARTICLE: Patel Under Scrutiny for Use of SWAT Teams to Protect His Girlfriend by SKIP ADVERTISEMENT Listen to this article · 12:40 min Learn more Share full article By Alan Feuer Adam Goldman and Glenn Thrush Published Nov. 23,1,2025-11-25 18:29:43.133699,News and Politics,en,,news/a7c29863-8fcd-4783-83f7-c5a26b8cc70c.zip
774,b096f72f-e74f-46d4-89fd-0e647cc8b35b,ARTICLE: Mamdani’s Meeting With Trump Scrambled the MAGA-Sphere by SKIP ADVERTISEMENT Mamdani’s Meeting With Trump Scrambled the MAGA-Sphere Prominent conservative influencers had different interpretations as they processed the meeting on podcasts and in ,1,2025-11-25 18:29:50.945289,Technology,en,,news/b096f72f-e74f-46d4-89fd-0e647cc8b35b.zip
775,2abf955a-dc5c-4cc6-bf08-95bfe15ce9a2,ARTICLE: How can we help you by Help topics Account Management Digital Access Products and Subscriptions Newsroom and Editorial Permissions and Policies Contact The New York Times Don't see what you need? Contact Customer Care COMMON TOPICS Help logging i,1,2025-11-25 18:29:57.669817,Business and Investment,en,,news/2abf955a-dc5c-4cc6-bf08-95bfe15ce9a2.zip
776,871e49fe-581d-49df-9cd0-9d4c6ab989e9,CONTENT: Help > Digital Access > Learn About Digital Access Email by to sort newsletters by Featured,1,2025-11-25 18:30:01.633332,Technology,en,,news/871e49fe-581d-49df-9cd0-9d4c6ab989e9.zip
777,45bdd196-66d2-47a2-bf22-0138a9b65add,Contact Customer Care COMMON TOPICS Help logging in Update payment info Change delivery address Report delivery problem Explain my bill Cancel Subscription News and Editorial Send a Confidential News Tip Report an Error in Coverage Send Coverage Feedback ,1,2025-11-25 18:30:09.613039,Technology,en,,news/45bdd196-66d2-47a2-bf22-0138a9b65add.zip
778,476c4f97-4b4e-4a3a-9955-d21fed141a81,"com November 24, 2025 Kash Patel’s deployment of SWAT teams to protect his girlfriend, and his own travel on government jets, have led to questions about whether the F",1,2025-11-25 18:53:22.801435,News and Politics,en,,news/476c4f97-4b4e-4a3a-9955-d21fed141a81.zip
779,fa2f6236-6def-4f55-a80e-a809dd215c3e,ARTICLE: New York Times - Top Stories by Ukraine. 4 min read LIVE Nov. 25,1,2025-11-25 18:53:27.448989,News and Politics,en,,news/fa2f6236-6def-4f55-a80e-a809dd215c3e.zip
781,b63c6d24-3d8b-47dd-ab1d-7c38efe09572,"com November 24, 2025 Kash Patel’s deployment of SWAT teams to protect his girlfriend, and his own travel on government jets, have led to questions about whether the F",1,2025-11-26 00:41:41.893177,News and Politics,en,,news/b63c6d24-3d8b-47dd-ab1d-7c38efe09572.zip
782,6c79deb3-50fc-4774-a622-a8fd056f5f90,Magnolia: Chip & Joanna Gaines. From House Flipping to Household Name,1,2025-11-26 03:59:12.580926,Lifestyle and Entertainment,en,,news/6c79deb3-50fc-4774-a622-a8fd056f5f90.zip
784,e530f62e-3067-4368-aba6-57beb1a7f3b9,CONTENT: We can't find that page It looks like you're trying to reach a page that was built by Mailchimp but is no longer active by Mailchimp but is no longer active. Want to know more about us? Visit mailchimp.com,1,2025-11-26 04:10:09.015674,Technology,en,,news/e530f62e-3067-4368-aba6-57beb1a7f3b9.zip
785,089c02ce-9ea4-4eb5-8db8-edfb996e931a,Nuclear Arms Chief Warns Against Leaks of Secret Information by Brandon Williams highlights the managerial challenge faced by the former one-term congressman.,1,2025-11-26 14:47:24.901205,News and Politics,en,,news/089c02ce-9ea4-4eb5-8db8-edfb996e931a.zip
786,ad96ffd4-790b-4886-a788-13b0618b64ee,"A Thanksgiving vibe check on Rhode Island’s publicly traded companies Despite widespread expectations of a bumpy ride, the stock market has been steadier than many forecasts predicted over the last year – and Rhode Island’s publicly traded companies have ",1,2025-11-27 00:46:11.674951,Business and Investment,en,,news/ad96ffd4-790b-4886-a788-13b0618b64ee.zip
787,13c29814-be64-4a2e-b9e1-5faa10a6a4e9,ARTICLE: The Boston Globe by ICE in Revere; Brazil native came to US as a child Bruna Ferreira,1,2025-11-27 00:46:57.155751,News and Politics,en,,news/13c29814-be64-4a2e-b9e1-5faa10a6a4e9.zip
789,0341c773-e624-472d-8a1b-1f6418e9a6d2,"Subscribe now for Digital or Home Delivery , and begin receiving award-winning news from the region’s most trusted news source",1,2025-11-27 00:49:26.994415,Technology,en,,news/0341c773-e624-472d-8a1b-1f6418e9a6d2.zip
790,b15b1d14-e8bb-405f-b1f5-487bad1feb53,"A $100,000 robot dog is becoming standard in policing — and raising ethical alarms The 75-pound, German Shepherd-sized robot is increasingly being deployed by local law enforcement to handle armed standoffs, hostage rescues, and hazardous materials incide",1,2025-11-27 01:12:00.41488,Technology,en,,news/b15b1d14-e8bb-405f-b1f5-487bad1feb53.zip
793,8934b8a7-7f7d-46af-a452-4b85d70cd49c,"Subscribe now for Digital or Home Delivery , and begin receiving award-winning news from the region’s most trusted news source",1,2025-11-27 01:14:52.738628,Technology,en,,news/8934b8a7-7f7d-46af-a452-4b85d70cd49c.zip
795,851f19f8-be79-450a-ad19-16648ea8b691,AUTHENTICATED ARTICLE: Boston Globe Article by LiveIntent,1,2025-11-27 01:39:13.999799,Technology,en,,news/851f19f8-be79-450a-ad19-16648ea8b691.zip
796,0994a062-16b3-42e0-8480-bf71bdb9bff2,ARTICLE: The Boston Globe by Diti Kohli Casey Grippo thought there was more time. Typically,1,2025-11-27 01:39:59.680436,Education and Learning,en,,news/0994a062-16b3-42e0-8480-bf71bdb9bff2.zip
797,2c9a21be-f337-42a3-ae3f-7a8dbd8226e7,"Maura Healey, Senators Elizabeth Warren and Edward Markey and Representative Katherine Clark issued statements Wednesday evening by ICE in Revere; Brazil native came to US as a child",1,2025-11-27 01:40:39.495717,News and Politics,en,,news/2c9a21be-f337-42a3-ae3f-7a8dbd8226e7.zip
798,6e9e2377-c857-40b1-a902-59e8a57181ec,A cable TV is featured in each guest room and suite at Campfire Hotel by recent guests (8.6) Free parking available at the hotel Select dates to see this property's availability and prices We have an instant answer to most questions Children of all ages a,1,2025-11-27 01:41:06.005913,Lifestyle and Entertainment,en,,news/6e9e2377-c857-40b1-a902-59e8a57181ec.zip
799,9d87575b-694e-493c-8583-13ff6bed7ec4,"CONTENT: Wednesday, November 26, 2025 Read online Today's Business Headlines Unionized Blue Bottle workers go on strike ahead of Thanksgiving weekend The strike, which includes about 80 people in the Boston area, comes as union officials accuse the compan",1,2025-11-27 03:25:40.310209,Business and Investment,en,,news/9d87575b-694e-493c-8583-13ff6bed7ec4.zip
800,7eeac9d1-d3ad-43b1-83ab-0bb5da4ccc7f,"CONTENT: Wednesday, November 26, 2025 Read online Today's Business Headlines Unionized Blue Bottle workers go on strike ahead of Thanksgiving weekend The strike, which includes about 80 people in the Boston area, comes as union officials accuse the compan",1,2025-11-27 03:26:15.307645,Business and Investment,en,,news/7eeac9d1-d3ad-43b1-83ab-0bb5da4ccc7f.zip
801,4f25d316-e368-4825-ab15-49bc7fc44411,AUTHENTICATED ARTICLE: Boston Globe Article by all of the terms and conditions of these Terms of Service between you and Boston Globe Media Partners,1,2025-11-27 03:26:51.765203,News and Politics,en,,news/4f25d316-e368-4825-ab15-49bc7fc44411.zip
802,4db1d3d9-fe85-4438-b1c6-abcb1203178b,AUTHENTICATED ARTICLE: Boston Globe Article,1,2025-11-27 03:27:26.597416,News and Politics,en,,news/4db1d3d9-fe85-4438-b1c6-abcb1203178b.zip
805,4bfb73e1-c72b-4fc4-a30b-8e12a6b86df2,"Subscribe now for Digital or Home Delivery, and begin receiving award-winning news from the region’s most trusted news source",1,2025-11-27 04:44:10.153829,Technology,en,,news/4bfb73e1-c72b-4fc4-a30b-8e12a6b86df2.zip
806,21954cc5-24ae-4f9a-bcee-7a69c25f263e,AUTHENTICATED ARTICLE: Boston Globe Article,1,2025-11-27 04:44:48.322832,News and Politics,en,,news/21954cc5-24ae-4f9a-bcee-7a69c25f263e.zip
807,a1973ed5-b622-49b9-b25d-910400230d07,"CONTENT: Wednesday, November 26, 2025 Read online Today's Business Headlines Campbell’s fires executive who said company’s products are for ‘poor people’ A former employee recorded the executive making racist comments and mocking the company’s products an",1,2025-11-27 04:54:07.695162,Business and Investment,en,,news/a1973ed5-b622-49b9-b25d-910400230d07.zip
808,c05805aa-50c0-4949-a513-6f677805955e,"Subscribe now for Digital or Home Delivery, and begin receiving award-winning news from the region’s most trusted news source",1,2025-11-27 04:54:29.630139,Technology,en,,news/c05805aa-50c0-4949-a513-6f677805955e.zip
809,e7ab0135-88fc-48af-b2ad-7e54aa61ca44,AUTHENTICATED ARTICLE: Boston Globe Article,1,2025-11-27 04:54:47.365564,News and Politics,en,,news/e7ab0135-88fc-48af-b2ad-7e54aa61ca44.zip
811,6ddfbba6-80e1-4682-bd09-ee6f4363e157,AUTHENTICATED ARTICLE: Boston Globe Article by sitter at 3 a.m.” Still,1,2025-11-27 18:22:54.280076,Lifestyle and Entertainment,en,,news/6ddfbba6-80e1-4682-bd09-ee6f4363e157.zip
812,dbe5e15a-8f28-4220-aee2-ed0b4813ea15,AUTHENTICATED ARTICLE: Boston Globe Article by law enforcement officials as Rahmanullah Lakanwal,1,2025-11-27 18:23:14.779536,News and Politics,en,,news/dbe5e15a-8f28-4220-aee2-ed0b4813ea15.zip
813,c4c283dc-14d6-4a98-8d0f-784216c56340,AUTHENTICATED ARTICLE: Boston Globe Article by flight delays,1,2025-11-27 18:23:35.579232,News and Politics,en,,news/c4c283dc-14d6-4a98-8d0f-784216c56340.zip
814,eac93c23-074d-42da-a6ce-e9f63c4a4ed9,AUTHENTICATED ARTICLE: Boston Globe Article by legal challenges. But those barriers aren’t getting in Ayotte’s way. With key provisions of the law set to take effect on Jan. 1,1,2025-11-27 18:23:57.113884,News and Politics,en,,news/eac93c23-074d-42da-a6ce-e9f63c4a4ed9.zip
815,dc1cbc54-8ec4-4116-bc9c-9cf6becdc748,AUTHENTICATED ARTICLE: Boston Globe Article by Pete Skandalakis,1,2025-11-27 18:24:13.339722,News and Politics,en,,news/dc1cbc54-8ec4-4116-bc9c-9cf6becdc748.zip
816,765cdedb-0cc1-4b16-801f-be9da66bb4af,AUTHENTICATED ARTICLE: Boston Globe Article by a decade,1,2025-11-27 18:24:34.473822,News and Politics,en,,news/765cdedb-0cc1-4b16-801f-be9da66bb4af.zip
818,d45c5f55-e6f5-4605-94d0-db3a3fd613ea,AUTHENTICATED ARTICLE: Boston Globe Article by Thursday morning local time,1,2025-11-27 18:25:15.401356,Technology,en,,news/d45c5f55-e6f5-4605-94d0-db3a3fd613ea.zip
819,559ab754-2a71-46a4-98e4-da975516fca0,AUTHENTICATED ARTICLE: Boston Globe Article by Thanksgiving appears to have softened as he leaves some of the most important details of the peace plan in the hands of his envoys,1,2025-11-27 18:25:36.142356,News and Politics,en,,news/559ab754-2a71-46a4-98e4-da975516fca0.zip
820,465ddfce-8194-43a6-882f-f10857666ece,AUTHENTICATED ARTICLE: Boston Globe Article by China’s military intimidation and political infiltration. FEATURED VIDEO “History demonstrates that compromising with aggressors ultimately brings only endless aftermaths of war and subjugation,1,2025-11-27 18:25:57.247521,News and Politics,en,,news/465ddfce-8194-43a6-882f-f10857666ece.zip
967,a308af6c-f7c8-41e3-9638-b03fcf81bc1e,Vinfen’s Gateway Arts by students,1,2026-05-03 03:07:08.980918,Technology,en,,news/a308af6c-f7c8-41e3-9638-b03fcf81bc1e.zip
822,84fe530c-21ec-4e80-adf0-1d7a23e2b9f1,AUTHENTICATED ARTICLE: Boston Globe Article by several judges involved in the case. But it was Judge William Young,1,2025-11-27 18:26:40.024765,Lifestyle and Entertainment,en,,news/84fe530c-21ec-4e80-adf0-1d7a23e2b9f1.zip
823,f56babe4-72d4-4437-be2b-3788f8986181,AUTHENTICATED ARTICLE: Boston Globe Article by getting caught up in non-football stuff,1,2025-11-27 18:27:01.633889,Others,en,,news/f56babe4-72d4-4437-be2b-3788f8986181.zip
824,9c2a7150-d5ac-4165-9d69-91985ca74e0a,AUTHENTICATED ARTICLE: Boston Globe Article by the city out of the neighborhood entirely,1,2025-11-27 18:27:15.650154,Business and Investment,en,,news/9c2a7150-d5ac-4165-9d69-91985ca74e0a.zip
826,63bbff2f-9a0c-47d1-bad8-a187e21096dd,"CONTENT: There’s a reason the word “witch” trails behind her as closely as one of her sequined shawls, and it was on full display Monday night at TD Garden during her latest solo tour",1,2025-11-27 20:54:43.052666,Technology,en,,news/63bbff2f-9a0c-47d1-bad8-a187e21096dd.zip
827,82a52863-df44-4aa7-9750-5a03c9dbc0f8,AUTHENTICATED ARTICLE: Boston Globe Article by Studio/B. What is this? “The action taken by the university is squarely prohibited by federal labor law,1,2025-11-27 20:55:08.941778,News and Politics,en,,news/82a52863-df44-4aa7-9750-5a03c9dbc0f8.zip
828,5da4399b-7db8-4450-b708-6c529893508f,AUTHENTICATED ARTICLE: Boston Globe Article by Studio/B. What is this? Joscha Bach,1,2025-11-27 20:55:35.179977,Business and Investment,en,,news/5da4399b-7db8-4450-b708-6c529893508f.zip
829,78a4b4af-8089-4ac6-a063-a2139f1ca68d,AUTHENTICATED ARTICLE: Boston Globe Article by Criterion standards,1,2025-11-27 20:56:03.042544,News and Politics,en,,news/78a4b4af-8089-4ac6-a063-a2139f1ca68d.zip
831,84f66c71-1078-4724-acf3-5f5d5dc6883b,AUTHENTICATED ARTICLE: Boston Globe Article by BG BRANDLAB. What is this? Ralph Abraham,1,2025-11-27 20:56:52.908487,Education and Learning,en,,news/84f66c71-1078-4724-acf3-5f5d5dc6883b.zip
832,af789bd9-c1f7-4a7d-be41-16f8e3610b2a,CONTENT: The Harvard Plan by award-winning reporter Ilya Marritz,1,2025-11-27 20:57:21.131628,Technology,en,,news/af789bd9-c1f7-4a7d-be41-16f8e3610b2a.zip
833,630e6c13-0e80-494d-8b20-27bf19b2924d,The Car Doctor Tips for getting stubborn bird droppings off of an SUV The Car Doctor A pickup’s persistent plastic pan problems,1,2025-11-27 20:57:28.341188,Education and Learning,en,,news/630e6c13-0e80-494d-8b20-27bf19b2924d.zip
835,329abfb7-7679-4af8-b183-7cfbedcc4eeb,AUTHENTICATED ARTICLE: Boston Globe Article by COVID-19 than its peers. Situated just miles from the northern border and less than two hours from Montreal,1,2025-11-28 15:00:33.101608,Technology,en,,news/329abfb7-7679-4af8-b183-7cfbedcc4eeb.zip
836,7c4748d7-f3a6-4ac1-9d8d-049895f78090,AUTHENTICATED ARTICLE: Boston Globe Article by an Afghan national near the White House had died,1,2025-11-28 15:00:53.853533,News and Politics,en,,news/7c4748d7-f3a6-4ac1-9d8d-049895f78090.zip
837,79330ba3-d90b-40c1-a2d3-1a28ee0e59bc,AUTHENTICATED ARTICLE: Boston Globe Article by Cutrumbes misses being able to buy,1,2025-11-28 15:01:15.18034,Technology,en,,news/79330ba3-d90b-40c1-a2d3-1a28ee0e59bc.zip
838,97169d30-c1fb-4c3b-bdcd-c39a46b440c2,AUTHENTICATED ARTICLE: Boston Globe Article by just understanding the landscape and what type of a situation it is and try to do things that in the long run will protect you.” Under a new law that took effect this fall,1,2025-11-28 15:01:31.601315,News and Politics,en,,news/97169d30-c1fb-4c3b-bdcd-c39a46b440c2.zip
840,5e8ec72a-a5ab-48c8-9b0d-a9dc791477e0,AUTHENTICATED ARTICLE: Boston Globe Article by the time the parade reaches Columbus Circle,1,2025-11-28 15:02:15.214077,Business and Investment,en,,news/5e8ec72a-a5ab-48c8-9b0d-a9dc791477e0.zip
841,942f0c17-04a8-4f09-89ce-09d9dfeaaa90,AUTHENTICATED ARTICLE: Boston Globe Article by blowing up the boats,1,2025-11-28 15:02:37.085955,News and Politics,en,,news/942f0c17-04a8-4f09-89ce-09d9dfeaaa90.zip
842,8cf87161-a610-4ea1-bce2-be8de6f54dc4,AUTHENTICATED ARTICLE: Boston Globe Article by Thursday,1,2025-11-28 15:02:56.991043,Education and Learning,en,,news/8cf87161-a610-4ea1-bce2-be8de6f54dc4.zip
843,96cc7e46-cc72-4b2c-a79c-46fe15cf9855,AUTHENTICATED ARTICLE: Boston Globe Article by special envoy Steve Witkoff,1,2025-11-28 15:03:17.713113,News and Politics,en,,news/96cc7e46-cc72-4b2c-a79c-46fe15cf9855.zip
844,c7dac45e-4dbd-443d-af04-bf2e24c02e87,AUTHENTICATED ARTICLE: Boston Globe Article by high-profile companies in retail,1,2025-11-30 17:33:51.059086,Lifestyle and Entertainment,en,,news/c7dac45e-4dbd-443d-af04-bf2e24c02e87.zip
845,09a18402-9e0a-45cc-a65d-eb3456e898ba,AUTHENTICATED ARTICLE: Boston Globe Article by Congress in the One Big Beautiful Bill Act last summer begin to flow to detention centers. “To be super clear,1,2025-11-30 17:34:29.355716,News and Politics,en,,news/09a18402-9e0a-45cc-a65d-eb3456e898ba.zip
846,aa2c476b-4aec-41f9-9ede-49c781cbaa92,AUTHENTICATED ARTICLE: Boston Globe Article by the Centers for Medicare & Medicaid Services (CMS) reward states that include MAHA priorities,1,2025-11-30 17:35:01.125073,News and Politics,en,,news/aa2c476b-4aec-41f9-9ede-49c781cbaa92.zip
847,d63064ee-5f7c-454b-b95b-3c3256426d10,AUTHENTICATED ARTICLE: Boston Globe Article by external research grants,1,2025-11-30 17:35:34.669638,Education and Learning,en,,news/d63064ee-5f7c-454b-b95b-3c3256426d10.zip
848,27d66454-0531-423f-84ae-b2dc3c52621d,AUTHENTICATED ARTICLE: Boston Globe Article by a wood stove) is packed with orchids,1,2025-11-30 17:36:41.173974,Lifestyle and Entertainment,en,,news/27d66454-0531-423f-84ae-b2dc3c52621d.zip
849,e727903c-66ad-4312-9e16-8e4201e2eb3e,AUTHENTICATED ARTICLE: Boston Globe Article by Burns,1,2025-11-30 17:37:16.293676,Lifestyle and Entertainment,en,,news/e727903c-66ad-4312-9e16-8e4201e2eb3e.zip
852,c20ba713-6816-4d0c-9021-36a5cca1d549,AUTHENTICATED ARTICLE: Boston Globe Article by any means. Because these are women who have done really hard things.” Instead,1,2025-11-30 17:38:49.666056,Business and Investment,en,,news/c20ba713-6816-4d0c-9021-36a5cca1d549.zip
969,68de2bd9-4c48-47a3-a4bb-84e1e6b8acf1,Vinfen's Gateway Arts par des étudiants,1,2026-05-03 03:07:28.113671,Technology,en,,news/68de2bd9-4c48-47a3-a4bb-84e1e6b8acf1.zip
854,01d3dd07-5968-4ceb-81a6-82c061eade20,"ARTICLE: Newton Walk, Roll, and Bike Plan sent back to committee after procedural dispute - Newton Beacon by Bryan McGonigle A plan prioritizing pedestrian and bike travel hit a roadblock at Monday night’s City Council meeting and is headed back to commit",1,2025-11-30 18:15:49.678178,News and Politics,en,,news/01d3dd07-5968-4ceb-81a6-82c061eade20.zip
855,8c9c7375-1f72-4ffd-bfc0-a46e75ec5e7a,ARTICLE: Newton Highlands Village Enhancement project gets pushback from area council - Newton Beacon by Bryan McGonigle After two years of planning,1,2025-11-30 18:15:58.6133,News and Politics,en,,news/8c9c7375-1f72-4ffd-bfc0-a46e75ec5e7a.zip
857,4bb9cfcd-a5d5-449a-86a0-adc0c1de3cfa,ARTICLE: Snapshots: Newton North girls volleyball team ends season short of MIAA title - Newton Beacon by Franklin in the finals of the MIAA Division 1 girls volleyball tournament. (c) Burt Granofsky/Newton Beacon Sasha Saliva (13) makes an acrobatic play,1,2025-11-30 18:16:16.989462,Technology,en,,news/4bb9cfcd-a5d5-449a-86a0-adc0c1de3cfa.zip
858,a97696bb-9da2-407d-87f5-816e451118db,ARTICLE: Trader Joe’s opens new store in Upper Falls - Newton Beacon by Ruyuan Li Newton’s second Trader Joe’s opened Thursday on Needham Street. By 9 a.m.,1,2025-11-30 18:16:24.804486,Technology,en,,news/a97696bb-9da2-407d-87f5-816e451118db.zip
859,836ce943-20e1-41d0-ab16-3869b003e570,ARTICLE: Newsmakers: Four women on the rise - Newton Beacon by Sullivan),1,2025-11-30 18:16:34.53495,Technology,en,,news/836ce943-20e1-41d0-ab16-3869b003e570.zip
860,5073b9d1-376c-4c3a-a98d-c1da4296553e,ARTICLE: Letter to the Editor: When the public voice gets lost in Newton - Newton Beacon by the time most residents learn about a proposal,1,2025-11-30 18:16:43.827639,Technology,en,,news/5073b9d1-376c-4c3a-a98d-c1da4296553e.zip
861,aa04cd38-c4ed-4528-b7be-bb9f1c0d4899,"My colleague Travis Andersen, who’s covered Walshe’s case from the start, expects prosecutors to tell jurors in their opening statement today that Walshe killed Ana because she was having an affair, planned to leave him, and wanted to take their three you",1,2025-12-01 18:31:24.152522,Technology,en,,news/aa04cd38-c4ed-4528-b7be-bb9f1c0d4899.zip
862,506d7742-450c-49ca-980e-5062a849833d,AUTHENTICATED ARTICLE: Boston Globe Article by the Patriots and joined veteran Joshua Dobbs as the backups to starter Drake Maye. “Both Josh and Tommy have done a nice job,1,2025-12-01 18:31:59.394059,Business and Investment,en,,news/506d7742-450c-49ca-980e-5062a849833d.zip
864,203b6564-b476-4489-9d90-91f9231f1361,AUTHENTICATED ARTICLE: Boston Globe Article by early Tuesday morning,1,2025-12-01 18:33:19.632312,Technology,en,,news/203b6564-b476-4489-9d90-91f9231f1361.zip
865,07848193-06c3-442f-819c-73cc94109ad5,AUTHENTICATED ARTICLE: Boston Globe Article by disagreements and delays. The current commission,1,2025-12-01 18:33:50.561814,News and Politics,en,,news/07848193-06c3-442f-819c-73cc94109ad5.zip
866,3124d8a5-0bf4-4d41-a272-d081e577c98d,AUTHENTICATED ARTICLE: Boston Globe Article by has relevant information about the victim’s state of mind and the nature of the relationship between the victim and defendant.” A JetBlue representative can also help jurors connect the dots,1,2025-12-01 18:34:24.552095,News and Politics,en,,news/3124d8a5-0bf4-4d41-a272-d081e577c98d.zip
867,413598d8-79b0-483b-a2fd-20b821b8f40e,AUTHENTICATED ARTICLE: Boston Globe Article by mid-morning. Advertisement Southeastern Mass.: A low chance for morning snowflakes possible during the morning before changing over to rain; precipitation stays light during this stretch. Cape & Islands: Scat,1,2025-12-01 18:35:01.274195,Technology,en,,news/413598d8-79b0-483b-a2fd-20b821b8f40e.zip
868,21d22b44-2813-46d3-a008-1faf8b42e8b0,AUTHENTICATED ARTICLE: Boston Globe Article by a tight band of winds circulating around the Earth’s poles high up in the stratosphere. Our weather occurs in the troposphere,1,2025-12-01 18:35:34.672043,Others,en,,news/21d22b44-2813-46d3-a008-1faf8b42e8b0.zip
869,a35eeacb-03ec-4349-8ca1-bb58dfb76767,"ARTICLE: 3 children among those killed in shooting at birthday party by the California Attorney General's Office. Fugazi called the shooting ""unacceptable"" during a news conference. Download USA TODAY's app to get to the heart of news Alleged killer in Na",1,2025-12-01 18:35:42.891005,News and Politics,en,,news/a35eeacb-03ec-4349-8ca1-bb58dfb76767.zip
870,032d4106-5548-4615-a97d-ba9c60e25314,Gymshark: Ben Francis. From pizza delivery to billion-dollar fitness brand.,1,2025-12-05 18:02:53.26015,Lifestyle and Entertainment,en,,news/032d4106-5548-4615-a97d-ba9c60e25314.zip
872,1fee18d6-b039-4f96-9fb6-011568dec2f3,"A Podcast Turducken: With Wow in the World, Terrestrials and Circle Round (11/17/25)",1,2025-12-05 18:04:54.126469,Technology,en,,news/1fee18d6-b039-4f96-9fb6-011568dec2f3.zip
874,3859a5ec-a48b-4335-b62a-e3c176761f9b,Here’s a recap of the University’s fight for academic freedom by the Commerce Department “yet another retaliatory effort targeting Harvard for defending its rights and freedom.” Endowment tax A new tax rate affecting a small group of the country’s wealthi,1,2025-12-05 18:05:07.909368,News and Politics,en,,news/3859a5ec-a48b-4335-b62a-e3c176761f9b.zip
875,55c8b89a-7745-4165-8cd5-f13a50c424eb,"ARTICLE: In Newton, the Thanksgiving philosopher king issues annual rules by Uber. Huge brownie points. Zero reason to talk politics. If you are comfortable talking about politics at a Thanksgiving gathering",1,2025-12-05 18:05:16.983378,Lifestyle and Entertainment,en,,news/55c8b89a-7745-4165-8cd5-f13a50c424eb.zip
876,af0de84f-dde2-45bc-858c-5325476aeb0d,"ARTICLE: FAA lifts order restricting flights at Logan, dozens of other major airports by the FAA’s safety team",1,2025-12-05 18:05:27.163406,News and Politics,en,,news/af0de84f-dde2-45bc-858c-5325476aeb0d.zip
877,2e16c519-42cc-42ac-a16c-0d1b63fc5ae7,ARTICLE: The Harvard Plan Episode 1: And so it begins by marxist maniacs and lunatics. (ON THE MEDIA HOST) BROOKE GLADSTONE: So far the accreditors have kept their jobs,1,2025-12-05 18:05:35.717644,Technology,en,,news/2e16c519-42cc-42ac-a16c-0d1b63fc5ae7.zip
878,8276bb01-bf91-4743-aa47-e0affd2968bf,"ARTICLE: With enhanced health care subsidies set to expire, Trump again wants to replace Obamacare by many congressional Republicans",1,2025-12-05 18:05:45.799649,News and Politics,en,,news/8276bb01-bf91-4743-aa47-e0affd2968bf.zip
879,ede638f5-0fdc-46fe-bcd4-f2685f3267a1,ARTICLE: ‘The American Revolution’ is the answer to the binge-watch by Native American tribes with both sides of the conflict. Again,1,2025-12-05 18:05:56.19995,Technology,en,,news/ede638f5-0fdc-46fe-bcd4-f2685f3267a1.zip
882,e03df94e-0f25-4811-8f04-635e6bc62140,CONTENT: Binoculars from my big brother for my 10th birthday 🎂 🎈 😁 one of my bestest gifts ever 🎁 Started my interest in bird and animal watching,1,2025-12-05 18:06:39.790508,Lifestyle and Entertainment,en,,news/e03df94e-0f25-4811-8f04-635e6bc62140.zip
883,70def97a-7c20-423a-8c0c-7efa0189a789,"“Whoever I see in the in the romantic setting of a garden of blooming flowers would appear adorable to me”, I chanted with a subdued voice a lyric from a popular Bengali song to",1,2025-12-05 18:06:49.56829,Technology,en,,news/70def97a-7c20-423a-8c0c-7efa0189a789.zip
884,b5fceecd-7ae6-41f3-913a-c48ad7645d0f,What clever and funny tactics have you used to get out of a ticket,1,2025-12-05 18:06:58.473088,Technology,en,,news/b5fceecd-7ae6-41f3-913a-c48ad7645d0f.zip
885,ff37ca25-81be-4bb6-a924-97373fc8dac1,CONTENT: The most awesome to date for me still is New York’s Natural Museum because I thought their Papua New Guinea Collection to have been rather substantial and impressive,1,2025-12-05 18:07:08.525435,Business and Investment,en,,news/ff37ca25-81be-4bb6-a924-97373fc8dac1.zip
886,edfceff9-2e68-440b-bb73-3a6619103cba,What’s the most illegal thing you did as a kid that felt like a major heist,1,2025-12-07 17:42:17.715802,Technology,en,,news/edfceff9-2e68-440b-bb73-3a6619103cba.zip
887,7860f440-8d22-4b56-a4cf-e51d47daa6ba,Gymshark: Ben Francis. From pizza delivery to billion-dollar fitness brand.,1,2025-12-22 16:50:01.48058,Lifestyle and Entertainment,en,,news/7860f440-8d22-4b56-a4cf-e51d47daa6ba.zip
888,f1c03d9f-ef3b-4842-855d-29b341a64ae0,Advice Line with Anthony Casalena of Squarespace,1,2025-12-22 16:50:57.855431,Technology,en,,news/f1c03d9f-ef3b-4842-855d-29b341a64ae0.zip
890,e3fa828e-e459-4019-9a02-543474a8cb8e,ARTICLE: I want the friendship back by their response,1,2025-12-22 16:52:13.099363,Business and Investment,en,,news/e3fa828e-e459-4019-9a02-543474a8cb8e.zip
891,49ea3a53-0f26-4bb2-a5a9-1e8a600f702c,"ARTICLE: With enhanced health care subsidies set to expire, Trump again wants to replace Obamacare by many congressional Republicans",1,2025-12-22 16:52:21.521795,News and Politics,en,,news/49ea3a53-0f26-4bb2-a5a9-1e8a600f702c.zip
892,5f77e30e-2b48-4ec1-904e-3bb09c716f39,"Let’s start up at around 18,000 feet, where a strong flow from the northwest continues to carve out what we call a trough of low pressure to start the work week",1,2025-12-22 16:52:31.308969,Technology,en,,news/5f77e30e-2b48-4ec1-904e-3bb09c716f39.zip
894,fc8e3ffa-6e5c-4233-9165-87c0c17158bc,ARTICLE: City of Quincy dedicates new park to hometown president John Quincy Adams by sculptor Sergey Eylanbekov. He also created the city’s statues of John Hancock,1,2025-12-22 16:52:48.766318,News and Politics,en,,news/fc8e3ffa-6e5c-4233-9165-87c0c17158bc.zip
895,c6ef3e34-bf51-4450-9f7a-313ebac329d1,"ARTICLE: Under ICE crackdown, thousands of students have left Mass by his mother outside of Stacy Middle School in Milford. Three weeks later",1,2025-12-22 16:52:56.200702,Education and Learning,en,,news/c6ef3e34-bf51-4450-9f7a-313ebac329d1.zip
896,df56c3bb-3de0-489e-9149-26bd5508326c,Ranking the 10 best Ken Burns documentary series by Hal Holbrook,1,2025-12-22 16:53:05.209555,Lifestyle and Entertainment,en,,news/df56c3bb-3de0-489e-9149-26bd5508326c.zip
897,19d15157-51cf-417e-b23b-23ca90bb0da8,"ARTICLE: These two guys in Eastern Massachusetts set world records over and over, and became close friends along the way by the lessons he’s learned on his record-setting quest. Cooper read the drafts and offered suggestions.) When they tell the story of ",1,2025-12-22 16:53:14.875112,Others,en,,news/19d15157-51cf-417e-b23b-23ca90bb0da8.zip
898,6316804b-ef4b-471e-99a3-e9096a37c4ac,What is the most valuable skill you learned without realizing it at the time,1,2025-12-22 16:53:36.414604,Education and Learning,en,,news/6316804b-ef4b-471e-99a3-e9096a37c4ac.zip
899,c60f2c30-e530-4ceb-b637-34b866c4339f,CONTENT: When I was working I had to send email stats to an obnoxious and strict manager before I left for the day,1,2025-12-22 16:53:47.106556,Technology,en,,news/c60f2c30-e530-4ceb-b637-34b866c4339f.zip
900,4ce88594-d19d-4832-aa1e-970e71352352,What is the most valuable skill you learned without realizing it at the time,1,2025-12-22 16:53:55.213762,Education and Learning,en,,news/4ce88594-d19d-4832-aa1e-970e71352352.zip
902,d0f49e29-29fd-4bcf-a583-e2aa02f1a074,"Read full story Chapin Road drain extension saga ends quietly with petition withdrawal The Chapin Road drainage drama has ended abruptly—and rather anticlimactically—as a proposal to extend drainage for a planned construction on Homer Street is no more, p",1,2025-12-22 17:59:45.107228,Technology,en,,news/d0f49e29-29fd-4bcf-a583-e2aa02f1a074.zip
903,98d6a672-bc52-4e65-a1b6-53b59c981f22,ARTICLE: Oliver announces City Council committee assignments - Newton Beacon by Dan Atkinson Newton City Council President-elect John Oliver and Vice President David Kalis (who was recently elected to another term in that role) announced their picks for t,1,2025-12-22 17:59:52.129303,News and Politics,en,,news/98d6a672-bc52-4e65-a1b6-53b59c981f22.zip
904,f41e23cb-ec71-441b-ba1d-be893deb7ef6,ARTICLE: Chapin Road drain extension saga ends quietly with petition withdrawal - Newton Beacon by your neighbors and foundations,1,2025-12-22 18:00:01.44039,Technology,en,,news/f41e23cb-ec71-441b-ba1d-be893deb7ef6.zip
905,16a2ce29-11b9-46cb-bbec-701b4d41e30c,ARTICLE: Newton Free Library director leaving for Brookline - Newton Beacon by Bryan McGonigle Jill Mercurio,1,2025-12-22 18:00:10.51123,Education and Learning,en,,news/16a2ce29-11b9-46cb-bbec-701b4d41e30c.zip
907,b0963895-c141-4ae2-8feb-b5ddd9a720d9,"ARTICLE: In Brief: ADA coordinator farewell, Upper Falls oral history grants and more - Newton Beacon by Joe Hunter Farewell",1,2025-12-22 18:00:25.835295,Education and Learning,en,,news/b0963895-c141-4ae2-8feb-b5ddd9a720d9.zip
908,9e93df7c-aa33-42fc-b39e-626a480c2068,ARTICLE: Five things to do in Newton this weekend - Newton Beacon by your neighbors and foundations,1,2025-12-22 18:00:36.548103,Business and Investment,en,,news/9e93df7c-aa33-42fc-b39e-626a480c2068.zip
1019,46e26f87-2fbc-4513-a8ba-a5289342e5db,ARTICLE: The Intelligence Stack: What to Buy by type,1,2026-05-28 21:14:38.902973,Lifestyle and Entertainment,en,,news/46e26f87-2fbc-4513-a8ba-a5289342e5db.zip
913,a30f0351-a164-4e16-a406-73c1971321a6,"Read full story Chapin Road drain extension saga ends quietly with petition withdrawal The Chapin Road drainage drama has ended abruptly—and rather anticlimactically—as a proposal to extend drainage for a planned construction on Homer Street is no more, p",1,2025-12-23 19:22:49.702211,Technology,en,,news/a30f0351-a164-4e16-a406-73c1971321a6.zip
914,6f0d25b9-bc06-4893-b43a-0a15c4244048,"СТАТЬЯ: Вкратце: прощание с координатором ADA, гранты на устную историю в Верхнем Фолсе и многое другое — Newton Beacon от Джо Хантера Фэрвелл",1,2025-12-24 01:17:26.985618,Education and Learning,en,,news/6f0d25b9-bc06-4893-b43a-0a15c4244048.zip
916,d8a366b3-c91f-4f8a-9cab-b30e044f4604,СТАТЬЯ: Директор Свободной библиотеки Ньютона отправляется в Бруклин — Newton Beacon от Брайана Макгонигла Джилл Меркурио,1,2025-12-24 01:17:39.664606,Education and Learning,en,,news/d8a366b3-c91f-4f8a-9cab-b30e044f4604.zip
917,0f567483-2e81-4bfd-a946-34b659c44764,СТАТЬЯ: Сага о продлении канализации на Чапин-роуд спокойно закончилась отзывом петиции «Newton Beacon» вашими соседями и фондами,1,2025-12-24 01:17:45.856904,Technology,en,,news/0f567483-2e81-4bfd-a946-34b659c44764.zip
918,5fb1b9dd-ac82-4555-8f6e-650a53e339c4,ARTÍCULO: Cinco cosas que hacer en Newton este fin de semana: Newton Beacon de sus vecinos y fundaciones,1,2025-12-24 02:33:54.03665,Business and Investment,en,,news/5fb1b9dd-ac82-4555-8f6e-650a53e339c4.zip
919,4ed07278-3ccc-4a5c-8a97-8b2198e843b4,文章：本周末在牛顿要做的五件事——你的邻居和基金会写的《牛顿灯塔》,1,2025-12-24 02:34:03.129453,Business and Investment,en,,news/4ed07278-3ccc-4a5c-8a97-8b2198e843b4.zip
920,df54afb8-204a-4ce1-8bc8-61f4a0c32045,"ARTÍCULO: En resumen: despedida del coordinador de la ADA, becas de historia oral en Upper Falls y más - Newton Beacon de Joe Hunter Farewell",1,2025-12-24 02:34:12.900126,Education and Learning,en,,news/df54afb8-204a-4ce1-8bc8-61f4a0c32045.zip
921,675a8488-76ec-483e-8197-2c5e79f5ef32,文章：简而言之：ADA 协调员告别、Upper Falls 口述历史补助金等——乔·亨特的《告别》的《牛顿灯塔》,1,2025-12-24 02:34:21.809092,Education and Learning,en,,news/675a8488-76ec-483e-8197-2c5e79f5ef32.zip
922,74557be5-8bbc-4b36-8884-a318fd4f6529,ARTÍCULO: MassDOT presenta una demanda contra la empresa por el accidente de Newton Beacon en 2022 cometido por uno de sus conductores que dañó el paso elevado de la I-90 de Auburn Street en Newton. El estado no solo tuvo que reparar el puente,1,2025-12-24 02:34:31.983687,News and Politics,en,,news/74557be5-8bbc-4b36-8884-a318fd4f6529.zip
923,45607f43-0c54-40d2-a407-b23b88d10d29,文章：MassDOT就2022年牛顿坠机事故对该公司提起诉讼，该坠机事故是其一名司机损坏了牛顿的奥本街I-90立交桥。该州不仅要修复这座桥,1,2025-12-24 02:34:41.502879,News and Politics,en,,news/45607f43-0c54-40d2-a407-b23b88d10d29.zip
924,17312fe5-b596-4229-b2fe-fca08534d814,ARTÍCULO: El director de la Biblioteca Libre de Newton se marcha a Brookline - Newton Beacon de Bryan McGonigle Jill Mercurio,1,2025-12-24 02:35:09.228319,Education and Learning,en,,news/17312fe5-b596-4229-b2fe-fca08534d814.zip
925,4826378e-b9bd-4009-81c9-281ee18a6b56,文章：牛顿自由图书馆馆长前往布鲁克林——牛顿灯塔作者 Bryan McGonigle Jill Mercurio,1,2025-12-24 02:35:17.311584,Education and Learning,en,,news/4826378e-b9bd-4009-81c9-281ee18a6b56.zip
926,f6a351a4-b15e-4aef-92cc-3baac06fb241,ARTÍCULO: La saga de la extensión del desagüe de Chapin Road termina silenciosamente con la retirada de la petición: Newton Beacon de sus vecinos y fundaciones,1,2025-12-24 02:35:27.004045,Technology,en,,news/f6a351a4-b15e-4aef-92cc-3baac06fb241.zip
927,41cce815-93f6-4302-aa5a-5f23ab80eed9,文章：Chapin Road 排水管扩建传奇以撤回请愿书而悄然结束——邻居和基金会的 Newton Beacon,1,2025-12-24 02:35:37.064951,Technology,en,,news/41cce815-93f6-4302-aa5a-5f23ab80eed9.zip
929,5b916902-c7c7-4029-9e12-4801de77e5bf,ARTICLE : Cinq choses à faire à Newton ce week-end - Newton Beacon par vos voisins et vos fondations,1,2025-12-24 02:49:12.739956,Business and Investment,en,,news/5b916902-c7c7-4029-9e12-4801de77e5bf.zip
930,2b1c9cd4-aa9c-4afa-8e5f-1d284ea9794c,ARTICLE : Le directeur de la Newton Free Library part pour Brookline - Newton Beacon de Bryan McGonigle Jill Mercurio,1,2025-12-24 02:49:20.058317,Education and Learning,en,,news/2b1c9cd4-aa9c-4afa-8e5f-1d284ea9794c.zip
931,e08f3fb9-266e-4435-8021-eef03215d74d,"ARTIKEL: Fünf Dinge, die Sie an diesem Wochenende in Newton tun können - Newton Beacon von Ihren Nachbarn und Stiftungen",1,2025-12-24 03:13:47.760716,Business and Investment,en,,news/e08f3fb9-266e-4435-8021-eef03215d74d.zip
932,d74b87bf-6319-4252-8c7a-bcc175b4bbb2,"Regular Exercise Doesn’t Just Strengthen the Heart, It Reprograms Its Nerves by University of BristolDecember 23",1,2025-12-24 16:05:44.618995,Education and Learning,en,,news/d74b87bf-6319-4252-8c7a-bcc175b4bbb2.zip
933,bf5ff511-6a4e-4f82-9457-354762889bbe,"Регулярные физические упражнения не только укрепляют сердце, но и перепрограммируют нервы. Бристольский университет. 23 декабря",1,2025-12-24 16:06:01.251477,Education and Learning,en,,news/bf5ff511-6a4e-4f82-9457-354762889bbe.zip
934,0f49b033-7168-400d-b45b-d4727a35680c,"Regular Exercise Doesn’t Just Strengthen the Heart, It Reprograms Its Nerves by University of BristolDecember 23",1,2025-12-24 16:09:47.286045,Education and Learning,en,,news/0f49b033-7168-400d-b45b-d4727a35680c.zip
935,cfca1a5e-78af-4e47-9dfd-f49e941d61dc,"Regular Exercise Doesn’t Just Strengthen the Heart, It Reprograms Its Nerves by University of BristolDecember 23",1,2025-12-24 16:17:20.625386,Education and Learning,en,,news/cfca1a5e-78af-4e47-9dfd-f49e941d61dc.zip
936,19c81027-2ef1-4c03-94a0-dd0c3571a5f6,"Mexico, Peru, and Ethiopia are also embracing this movement, offering travellers the chance to see first-hand how organic coffee is produced and how sustainable practices benefit local communities by offering epic coffee experiences. The result? A journey",1,2025-12-24 21:28:37.126497,Technology,en,,news/19c81027-2ef1-4c03-94a0-dd0c3571a5f6.zip
938,da9a5401-0310-4732-af4f-20d0fcea5c72,Cognitive scientist Steven Pinker shares the books that prove the world is getting better by The Blinkist Team | 2025-11-14,1,2025-12-24 23:35:38.587449,Education and Learning,en,,news/da9a5401-0310-4732-af4f-20d0fcea5c72.zip
939,7b925bef-27bd-4ffa-b9cc-54b010c1e207,"Ученый-когнитивист Стивен Пинкер делится книгами команды Blinkist, доказывающими, что мир становится лучше | 2025-11-14",1,2025-12-24 23:35:55.849239,Education and Learning,en,,news/7b925bef-27bd-4ffa-b9cc-54b010c1e207.zip
940,e6731f44-1471-4617-9ac9-c32c6f581eff,Le scientifique cognitif Steven Pinker partage les livres qui prouvent que le monde s'améliore par The Blinkist Team | 2025-11-14,1,2025-12-24 23:35:59.596524,Education and Learning,en,,news/e6731f44-1471-4617-9ac9-c32c6f581eff.zip
941,85e8d710-db5a-40fa-b368-6335274d8400,"More Details Kim Churchill Live at Communitea Apr 21 Enjoy some live music at More Details Featured Stories View All Stories Cozy Winter Cabins in Canmore and Kananaskis What you’ll find in this post: A handpicked selection of cozy cabins, boutique inn by",1,2025-12-25 00:21:43.161748,Lifestyle and Entertainment,en,,news/85e8d710-db5a-40fa-b368-6335274d8400.zip
942,fff0b5c7-920f-41f1-b6c3-f4b0f08b8b3e,"Our Promise Astonishing adventures that nourish your soul : We are the leading force in creating transformative experiences that not only captivate but also feed the human spirit, fostering a deep connection with nature, culture and community",1,2025-12-25 00:21:51.957775,Lifestyle and Entertainment,en,,news/fff0b5c7-920f-41f1-b6c3-f4b0f08b8b3e.zip
943,ef97cef7-6de2-44f2-bd38-927acb77c383,"Наше обещание Удивительные приключения, которые питают вашу душу: мы являемся ведущей силой в создании революционных впечатлений, которые не только очаровывают, но и питают человеческий дух, укрепляя тесную связь с природой, культурой и обществом",1,2025-12-25 02:25:34.095367,Lifestyle and Entertainment,en,,news/ef97cef7-6de2-44f2-bd38-927acb77c383.zip
944,49e7bf04-88ed-49ec-b796-c6240c0d1fbc,我们的承诺滋养您的灵魂的惊人冒险：我们是创造变革体验的主导力量，这些体验不仅能吸引人心，还能滋养人类精神，促进与自然、文化和社区的深厚联系,1,2025-12-25 02:25:40.347246,Lifestyle and Entertainment,en,,news/49e7bf04-88ed-49ec-b796-c6240c0d1fbc.zip
945,1b7aaee9-7dd8-46fb-86d8-d164db703ab2,"Notre promesse Des aventures incroyables qui nourrissent votre âme : nous sommes la force motrice dans la création d'expériences transformatrices qui non seulement captivent mais nourrissent également l'esprit humain, favorisant un lien profond avec la nature, la culture et la communauté",1,2025-12-25 02:28:02.844095,Lifestyle and Entertainment,en,,news/1b7aaee9-7dd8-46fb-86d8-d164db703ab2.zip
946,576d2784-afdf-42fd-9dfa-0fe500a4286b,"Unser Versprechen Unglaubliche Abenteuer, die deine Seele nähren: Wir sind die treibende Kraft bei der Schaffung transformativer Erlebnisse, die nicht nur fesseln, sondern auch den menschlichen Geist nähren und eine tiefe Verbindung zu Natur, Kultur und Gemeinschaft fördern",1,2025-12-25 02:29:16.100659,Lifestyle and Entertainment,en,,news/576d2784-afdf-42fd-9dfa-0fe500a4286b.zip
947,2b0b246e-5e8f-4288-b093-e2d5376955ff,"АУТЕНТИФИЦИРОВАННАЯ СТАТЬЯ: Статья Boston Globe, опубликованная Центрами услуг Medicare и Medicaid (CMS), поощряет штаты, включающие приоритеты MAHA",1,2025-12-25 02:42:21.661183,News and Politics,en,,news/2b0b246e-5e8f-4288-b093-e2d5376955ff.zip
949,44206dce-52e5-4e4f-872f-5b7db868f90a,"ARTICLE: Connor, Clark & Lunn Infrastructure and Alpenglow Rail announce closing of $280 million private placement financing by a team of seasoned railroad executives with significant experience in the acquisition",1,2025-12-25 03:18:48.76052,Technology,en,,news/44206dce-52e5-4e4f-872f-5b7db868f90a.zip
950,25fb8e11-a86c-4f39-8f51-fd9624e12df1,ARTICLE: The role of energy transition in the battle against climate change by Peter Muldowney The introduction of coal ignited the first major energy transition and powered industry,1,2025-12-25 03:18:58.54608,Technology,en,,news/25fb8e11-a86c-4f39-8f51-fd9624e12df1.zip
951,65f61f5c-2a43-4dff-b261-99c5fe423817,ARTICLE: Trends in asset allocation: The dawning of a total portfolio approach by Peter Muldowney For decades,1,2025-12-25 03:19:08.12041,Business and Investment,en,,news/65f61f5c-2a43-4dff-b261-99c5fe423817.zip
952,d2150de3-1160-496b-8952-ad0c02c16607,"CONTENT: Strategic Exchange “Conversation with Peter Muldowney” in Plans & Trusts October 7, 2025 Peter Muldowney, Senior Vice President and Head of Institutional and Multi-Asset Strategy, speaks with Plans & Trusts about the role of emotional intelligenc",1,2025-12-25 03:19:16.887272,News and Politics,en,,news/d2150de3-1160-496b-8952-ad0c02c16607.zip
953,b792db5e-3ee0-4b62-8978-01fc617f9087,"CONTENT: 2026: The year quality starts to matter again December 18, 2025 | Global Alpha Capital Management Farewell 2025 tech bubble, hello quality-focused reset in 2026",1,2025-12-25 03:19:19.446638,Technology,en,,news/b792db5e-3ee0-4b62-8978-01fc617f9087.zip
954,e848f2fe-2038-42f4-ac70-327083d44de0,"КОНТЕНТ: 2026: Год, когда качество снова станет важным 18 декабря 2025 года | Global Alpha Capital Management Прощай, технологический пузырь 2025 года, привет, перезагрузка, ориентированная на качество, в 2026 году",1,2025-12-25 03:21:14.592039,Technology,en,,news/e848f2fe-2038-42f4-ac70-327083d44de0.zip
957,c6e76499-356d-48a6-9faa-0849956b474b,СТАТЬЯ Питера Малдауни: Роль энергетического перехода в борьбе с изменением климата. Внедрение угля положило начало первому крупному энергетическому переходу и энергетике,1,2025-12-25 03:21:26.962549,Technology,en,,news/c6e76499-356d-48a6-9faa-0849956b474b.zip
959,4f372a24-7119-4118-811e-320ae17ec663,"Human desires this year, reflecting timeless needs, center on Security & Stability (peace, order, health), Connection & Belonging (love, family, community), Autonomy & Power (freedom, achievement, status), and Meaning & Growth (knowledge, purpose, self-ac",1,2025-12-25 03:38:30.877424,Education and Learning,en,,news/4f372a24-7119-4118-811e-320ae17ec663.zip
961,413227bb-80cf-474e-845d-a160bdfc21c7,"Les désirs humains de cette année, reflétant des besoins intemporels, sont centrés sur la sécurité et la stabilité (paix, ordre, santé), la connexion et l'appartenance (amour, famille, communauté), l'autonomie et le pouvoir (liberté, réussite, statut), et le sens et la croissance (connaissances, objectif, réalisation de soi), souvent amplifiés par les événements mondiaux actuels exigeant le contrôle, l'équité et une connexion authentique dans l'incertitude par les événements mondiaux actuels exigeant le contrôle",1,2025-12-25 03:38:53.541347,Education and Learning,en,,news/413227bb-80cf-474e-845d-a160bdfc21c7.zip
962,cb36d3e4-b521-41db-abf7-38d3e45a7131,今年，人类的愿望反映了永恒的需求，以安全与稳定（和平、秩序、健康）、人际关系与归属感（爱、家庭、社区）、自主与权力（自由、成就、地位）以及意义与成长（知识、目标、自我实现）为中心，这些愿望往往因当前全球事件要求控制而在不确定性中要求控制、公平和真正联系的全球事件所放大,1,2025-12-25 03:38:59.869389,Education and Learning,en,,news/cb36d3e4-b521-41db-abf7-38d3e45a7131.zip
963,a39d614d-6e2c-4366-9afa-d85ee7e8174d,A place to share knowledge and better understand the world By continuing you indicate that you agree to Quora’s Please enable Javascript and refresh the page to continue by continuing you indicate that you agree to Quora’s Please enable Javascript and ref,1,2026-05-03 02:45:42.323954,Business and Investment,en,,news/a39d614d-6e2c-4366-9afa-d85ee7e8174d.zip
964,c9519fbb-e847-43af-98a4-e77df0fbe2ee,"Место, где можно делиться знаниями и лучше понимать мир Продолжая, вы подтверждаете, что согласны с Quora. Пожалуйста, включите Javascript и обновите страницу, чтобы продолжить, продолжая, вы соглашаетесь с Quora. Пожалуйста, включите Javascript и обновите страницу, чтобы продолжить",1,2026-05-03 02:46:36.429555,Business and Investment,en,,news/c9519fbb-e847-43af-98a4-e77df0fbe2ee.zip
965,a4666c37-4181-450c-a406-c4c1d3a2f5b3,"Actually, the holistic healing resource I use more than anything to talk to the patients' relatives about the fears surrounding death and to console them is an old piece of wisdom regarding body functions and physiological processes, which helps you to re",1,2026-05-03 02:49:13.089493,Education and Learning,en,,news/a4666c37-4181-450c-a406-c4c1d3a2f5b3.zip
966,e9c5a7c3-0ae0-4745-ad05-17070f3ce2c7,"На самом деле, холистический лечебный ресурс, который я использую, прежде всего, для того, чтобы рассказать родственникам пациентов о страхах, связанных со смертью, и утешить их, — это старинная мудрость о функциях организма и физиологических процессах, которая помогает восстановить физические и духовные силы, а также мир с собой и понимание того, как Бог хотел, чтобы мы жили и уезжали.",1,2026-05-03 02:52:10.516599,Education and Learning,en,,news/e9c5a7c3-0ae0-4745-ad05-17070f3ce2c7.zip
968,10c2f80d-8e7b-4dac-8435-81f9f3b1453a,"Искусство Винфена «Gateway Arts», написанное студентами",1,2026-05-03 03:07:23.682838,Technology,en,,news/10c2f80d-8e7b-4dac-8435-81f9f3b1453a.zip
970,768879b8-0d32-4a49-9b91-57ad939789c5,SOFTWARE-STACK ORGANIZATION INTELLIGENCE-FIRST ORGANIZATION Data lives in 8-12 separate systems Information brokers translate between tools Managers exist to relay status upward Answers to board questions take weeks Each question creates a mini-project In,1,2026-05-24 21:33:40.795075,Technology,en,,news/768879b8-0d32-4a49-9b91-57ad939789c5.zip
1020,718e215f-0cb2-4028-9f41-395b36635bf1,ARTICLE: The Companies Winning at AI Are Playing a Different Game by the time you see it,1,2026-05-28 21:14:47.981671,Technology,en,,news/718e215f-0cb2-4028-9f41-395b36635bf1.zip
1021,bfa93c2c-b6cf-4aaf-a0ea-cd2f27942b9b,ARTICLE: Software Is Over by agents. He mentioned that Salesforce had been building it for two and a half years. That means they started building the architectural replacement for Agentforce before Agentforce publicly launched. They shipped the product. S,1,2026-05-28 21:14:56.796451,Technology,en,,news/bfa93c2c-b6cf-4aaf-a0ea-cd2f27942b9b.zip
1022,abd9406f-c054-4798-b1e0-326848d6e953,ARTICLE: The Bull Case for the Model Makers by a fixed date. The urgency was not created by the technology. It was created by the calendar. And the urgency compressed a migration that would have taken a decade of normal enterprise sales cycles into roughl,1,2026-05-28 21:15:06.22485,Business and Investment,en,,news/abd9406f-c054-4798-b1e0-326848d6e953.zip
356,dca14971-ef8e-47b4-9739-fc1d5c2ee63b,NET on AWS Python on AWS Java on AWS PHP on AWS JavaScript on AWS Help Contact Us File a Support Ticket AWS re:Post Knowledge Center AWS Support Overview Get Expert Help AWS Accessibility Legal English Back to top Amazon is an Equal Opportunity Employer: ,1,2025-10-29 03:18:35.250608,Technology,en,,news/dca14971-ef8e-47b4-9739-fc1d5c2ee63b.zip
972,f3369efa-f836-4450-b4a1-5bdbfc9a97ed,A place to share knowledge and better understand the world By continuing you indicate that you agree to Quora’s Please enable Javascript and refresh the page to continue by continuing you indicate that you agree to Quora’s Please enable Javascript and ref,1,2026-05-25 02:43:22.266132,Business and Investment,en,,news/f3369efa-f836-4450-b4a1-5bdbfc9a97ed.zip
973,681f8b50-f5ee-43f5-b472-74ae06ce1c6d,"Quora is a platform to gain and share knowledge, empowering people to learn from others and better understand the world through our websites and applications (“Quora” or the “Quora Platform”) by using Quora",1,2026-05-25 02:43:31.037319,Technology,en,,news/681f8b50-f5ee-43f5-b472-74ae06ce1c6d.zip
1006,b6b05674-4a19-444f-a215-3f540fa62700,"Organizations with any human step remaining see the benefit not merely reduced but eventually reversed — falling below where they started, because the cost and complexity of the tools accumulates while the bottleneck that limits AI's speed remains in plac",1,2026-05-26 13:40:04.746937,Technology,en,,news/b6b05674-4a19-444f-a215-3f540fa62700.zip
1008,318e6cd2-4d5a-49cd-9fcb-d5a9c3bafb42,"Место, где можно делиться знаниями и лучше понимать мир Продолжая, вы подтверждаете, что согласны с Quora. Пожалуйста, включите Javascript и обновите страницу, чтобы продолжить, продолжая, вы соглашаетесь с Quora. Пожалуйста, включите Javascript и обновите страницу, чтобы продолжить",1,2026-05-28 04:08:04.270628,Business and Investment,en,,news/318e6cd2-4d5a-49cd-9fcb-d5a9c3bafb42.zip
1011,48eec769-3dd1-4532-9d4b-52c8c6085d81,CONTENT: The Oldest Trick in Management Just Stopped Working by Stephen Messer 28 May 2026,1,2026-05-28 20:59:26.065429,Technology,en,,news/48eec769-3dd1-4532-9d4b-52c8c6085d81.zip
1012,26ed11d1-7c30-4a94-a83e-28e42ff7e7ea,CONTENT: The Oldest Trick in Management Just Stopped Working by Stephen Messer 28 May 2026,1,2026-05-28 21:13:42.060293,Technology,en,,news/26ed11d1-7c30-4a94-a83e-28e42ff7e7ea.zip
1013,bcc7e41b-b3cf-47ae-afc1-23289b922e9b,"ARTICLE: The Oldest Trick in Management Just Stopped Working by Q3"" or ""this cuts $2M in costs by December."" They say the project will enable better outcomes. Eventually. After it's done. The compensation structure makes it worse. Industry data shows 30% ",1,2026-05-28 21:13:44.530595,Business and Investment,en,,news/bcc7e41b-b3cf-47ae-afc1-23289b922e9b.zip
1014,46fbf515-6577-40e8-add5-e720e055b085,ARTICLE: The Weakest Link by the end of 2025 — his first full year in business — Medvi had generated $401 million in revenue. Net profit margin: 16.2%. His only hire: his brother. The New York Times verified the financials. He is now on track for $1.8 bil,1,2026-05-28 21:13:53.669016,Business and Investment,en,,news/46fbf515-6577-40e8-add5-e720e055b085.zip
1015,a93c5df0-566f-43b4-91ab-ac88a297aaee,ARTICLE: The Race Is On by letter and took days,1,2026-05-28 21:14:02.733385,Business and Investment,en,,news/a93c5df0-566f-43b4-91ab-ac88a297aaee.zip
1016,36cb4736-c550-4805-b06f-b4aab5f9e19c,ARTICLE: The Next Computer Is Alive by onshoring and it wouldn't change the underlying problem. The problem is physics. All of the projections for AI's power needs,1,2026-05-28 21:14:11.388278,Technology,en,,news/36cb4736-c550-4805-b06f-b4aab5f9e19c.zip
1017,b15155db-0706-4beb-aa15-9220de7e5d2e,1: BCG “Closing the AI Impact Gap” 2025 · 70% of AI investment in people/process: BCG AI leaders analysis 2025 · 88% companies using AI in at least one function: McKinsey State of AI 2025 · Christensen sustaining vs disruptive innovation: The Innovator’s ,1,2026-05-28 21:14:20.456908,Business and Investment,en,,news/b15155db-0706-4beb-aa15-9220de7e5d2e.zip
1018,344d46b5-0788-4b40-a876-e8279d38371f,ARTICLE: The Bear Case for the Model Makers by 6x with zero accuracy loss and delivers up to 8x attention speedup on H100 GPUs. The paper was accepted at ICLR 2026. Independent developers built working implementations within 24 hours of the publication. M,1,2026-05-28 21:14:29.717992,Technology,en,,news/344d46b5-0788-4b40-a876-e8279d38371f.zip
32,68cec163-6e8b-4894-afd0-69d01cb03f1d,Town officials start planning for possible override on May 2026 ballot,1,2025-08-13 18:55:05.217518,Others,en,,news/68cec163-6e8b-4894-afd0-69d01cb03f1d.zip
1025,e186c8d6-2ef8-4994-b736-f15df4041509,CONTENT: The Oldest Trick in Management Just Stopped Working by Stephen Messer 28 May 2026,1,2026-05-28 21:15:45.740365,Technology,en,,news/e186c8d6-2ef8-4994-b736-f15df4041509.zip
1027,022d2b13-af9c-42a0-9dc6-81cd985caf14,"4 millions d'emplois aux États-Unis, 18 % du PIB (IAB) · Croissance de l'emploi des installateurs solaires photovoltaïques prévue de 42 % d'ici 2034 (BLS) · Rapport du WEF sur l'avenir de l'emploi 2025 : 170 millions de nouveaux emplois, 92 millions supprimés, net +78 millions d'ici 2030 · Salaire médian de la construction nucléaire 116 % supérieur à la moyenne nationale (NEI) · LinkShare a été fondée en 1996 ; l'économie du marketing d'affiliation est désormais une industrie de plusieurs centaines de milliards de dollars dans le monde",1,2026-05-28 22:25:34.386892,Business and Investment,en,,news/022d2b13-af9c-42a0-9dc6-81cd985caf14.zip
1029,3a4e5023-f024-4423-9816-f009bd88329e,ARTICLE : Le compromis que personne ne fera en 1930. La technologie qui était censée éliminer l'industrie l'a multipliée par quatre. Ce schéma s'est répété de manière si constante pendant deux siècles que les économistes ont cessé de s'en étonner. L'histoire est là. La question est de savoir si nous sommes en train de le lire. Mais l'argument le plus convaincant ne concerne pas du tout l'emploi. Il s'agit de ce qu'il advient du coût de tout le reste. Qu'advient-il du coût de tout ? Le débat sur l'IA et l'emploi se déroule presque entièrement du côté des déplacements. Le volet coûts est rarement modélisé. Voici à quoi ressemblent les coûts dans les secteurs où l'automatisation est la plus avancée. Parcourez cette liste et demandez-vous : si même la moitié de ces courbes de déflation se matérialiseront au cours de la prochaine décennie ?,1,2026-05-28 22:25:46.279317,Technology,en,,news/3a4e5023-f024-4423-9816-f009bd88329e.zip
1030,72920a25-67af-441a-8271-114f5a4f201d,"СТАТЬЯ: Чехол для производителей моделей к фиксированной дате. Срочность не была вызвана этой технологией. Она была создана календарем. В условиях безотлагательности миграция, которая длилась бы десять лет обычных корпоративных циклов продаж, превратилась примерно в восемнадцать месяцев безумной миграции",1,2026-05-28 22:25:52.064213,Business and Investment,en,,news/72920a25-67af-441a-8271-114f5a4f201d.zip
1031,ea663ee3-7c00-4315-bfd3-2d91a49ed5b3,ARTICLE : L'affaire Bull pour les modélistes à une date fixe. L'urgence n'a pas été créée par la technologie. Il a été créé par le calendrier. Et l'urgence a transformé une migration qui aurait nécessité dix ans de cycles de vente normaux pour les entreprises en environ dix-huit mois de frénésie.,1,2026-05-28 22:25:58.12378,Business and Investment,en,,news/ea663ee3-7c00-4315-bfd3-2d91a49ed5b3.zip
36,17686d3c-c3a9-4eba-b0cb-a2ce3ce07f28,‘New Heights’ podcast by Tom Dundon,1,2025-08-13 19:53:08.329039,Others,en,,news/17686d3c-c3a9-4eba-b0cb-a2ce3ce07f28.zip
39,64a120ee-2e96-4484-b83d-45bf637176a9,Trump and Putin will meet at an Alaska military base long used to counter Russia by Tom Dundon,1,2025-08-13 23:48:14.063367,Others,en,,news/64a120ee-2e96-4484-b83d-45bf637176a9.zip
1034,39f8de6d-de91-43f8-8a5f-c50e9fdd580c,"СТАТЬЯ: Компании, выигрывающие в искусственном интеллекте, начинают играть в другую игру, когда вы ее видите",1,2026-05-28 22:26:15.112682,Technology,en,,news/39f8de6d-de91-43f8-8a5f-c50e9fdd580c.zip
1035,8bf36305-b19f-4595-9e95-7953fd3fd13e,ARTICLE : Les entreprises qui gagnent dans le domaine de l'IA jouent à un jeu différent au moment où vous le verrez,1,2026-05-28 22:26:20.745318,Technology,en,,news/8bf36305-b19f-4595-9e95-7953fd3fd13e.zip
1036,10b47cce-86e2-47bd-9270-dd931a6ed13c,СТАТЬЯ: The Intelligence Stack: что покупать по типам,1,2026-05-28 22:26:25.954827,Lifestyle and Entertainment,en,,news/10b47cce-86e2-47bd-9270-dd931a6ed13c.zip
1037,32cc3d6a-f88a-452c-9255-a47eaaf0244a,ARTICLE : The Intelligence Stack : quoi acheter par type,1,2026-05-28 22:26:31.404766,Lifestyle and Entertainment,en,,news/32cc3d6a-f88a-452c-9255-a47eaaf0244a.zip
1039,cc51aa62-29d7-4420-a875-f555d99ff4a8,ARTICLE : L'étui Bear pour les modélistes multiplie par 6 sans perte de précision et permet d'accélérer l'attention jusqu'à 8 fois sur les GPU H100. L'article a été accepté à l'ICLR 2026. Des développeurs indépendants ont créé des implémentations fonctionnelles dans les 24 heures suivant la publication. Les stocks de puces mémoire ont chuté de 5 à 7 % le lendemain. La réaction du marché a été immédiate et précise : si les modèles Frontier pouvaient fonctionner avec un sixième de la mémoire sans perte de performances,1,2026-05-28 22:26:43.286397,Technology,en,,news/cc51aa62-29d7-4420-a875-f555d99ff4a8.zip
1041,952583be-94f6-4c3d-b8a3-bb2aab2658c1,"1 : BCG « Closing the AI Impact Gap » 2025 · 70 % des investissements dans l'IA dans les personnes/les processus : analyse des leaders du BCG AI 2025 · 88 % des entreprises utilisent l'IA dans au moins une fonction : McKinsey State of AI 2025 · Christensen : innovation durable contre innovation perturbatrice : The Innovator's Dilemma, Harvard Business School Press, 1997 · Godin : Purple Cow, Portfolio, 2003 · Grove : Only the Paranoid Survive, Currency Doubleday, 1996",1,2026-05-28 22:26:55.401522,Business and Investment,en,,news/952583be-94f6-4c3d-b8a3-bb2aab2658c1.zip
1042,0cf56d86-9aef-4707-9e35-0af6b86673ec,"СТАТЬЯ: Новый компьютер жив благодаря оншорингу, и это не решит основной проблемы. Проблема в физике. Все прогнозы потребностей ИИ в энергии",1,2026-05-28 22:27:01.206873,Technology,en,,news/0cf56d86-9aef-4707-9e35-0af6b86673ec.zip
1043,78ac275b-d775-4ea0-9c75-d226d3057d04,"ARTICLE : The Next Computer Is Alive grâce à l'onshoring, cela ne changerait rien au problème sous-jacent. Le problème, c'est la physique. Toutes les prévisions concernant les besoins énergétiques de l'IA",1,2026-05-28 22:27:06.849557,Technology,en,,news/78ac275b-d775-4ea0-9c75-d226d3057d04.zip
1044,359db227-9c41-40aa-b1dc-896b24adcdbe,СТАТЬЯ: Гонка началась письмом и заняла несколько дней,1,2026-05-28 22:27:12.249082,Business and Investment,en,,news/359db227-9c41-40aa-b1dc-896b24adcdbe.zip
1045,60a15fd8-3125-45ad-a236-e761475624d9,ARTICLE : La course est lancée par lettre et a pris des jours,1,2026-05-28 22:27:18.119405,Business and Investment,en,,news/60a15fd8-3125-45ad-a236-e761475624d9.zip
1046,14c4c9e6-b4c6-4be7-9b4d-393d2c8b703b,"СТАТЬЯ: Самое слабое звено к концу 2025 года — его первому полному году в бизнесе — Medvi принес 401 миллион долларов дохода. Рентабельность чистой прибыли: 16,2%. Его единственный наемный работник: брат. Газета «Нью-Йорк Таймс» проверила финансовые показатели. Сейчас ожидается, что в 2026 году он заработает 1,8 миллиарда долларов. Для сравнения",1,2026-05-28 22:27:23.41814,Business and Investment,en,,news/14c4c9e6-b4c6-4be7-9b4d-393d2c8b703b.zip
1047,f07366c9-a149-414d-80a6-d0295ed23443,"ARTICLE : Le maillon faible À la fin de 2025, sa première année complète d'activité, Medvi avait généré 401 millions de dollars de revenus. Marge bénéficiaire nette : 16,2 %. Son seul employé : son frère. Le New York Times a vérifié les données financières. Il est maintenant sur la bonne voie pour atteindre 1,8 milliard de dollars en 2026. À des fins de comparaison",1,2026-05-28 22:27:28.811778,Business and Investment,en,,news/f07366c9-a149-414d-80a6-d0295ed23443.zip
1,f6f532fb-0ce7-4de7-a236-970e6289783d,News Article,1,2025-08-12 02:51:47.832699,Others,en,,news/f6f532fb-0ce7-4de7-a236-970e6289783d.zip
4,de1432f5-3aa8-454e-bf70-414f25037956,News Article,1,2025-08-12 13:54:30.562093,Others,en,,news/de1432f5-3aa8-454e-bf70-414f25037956.zip
6,0f639590-3254-4c09-a474-246234f2a712,News Article,1,2025-08-12 14:50:33.252263,Others,en,,news/0f639590-3254-4c09-a474-246234f2a712.zip
9,f1cdcb65-b4f9-4493-b353-438b6132fa68,News Article,1,2025-08-12 19:54:03.350892,Others,en,,news/f1cdcb65-b4f9-4493-b353-438b6132fa68.zip
12,8125634d-01e3-4856-a4de-6a0383f48fe2,News Article,1,2025-08-12 22:52:36.711384,Others,en,,news/8125634d-01e3-4856-a4de-6a0383f48fe2.zip
14,d46e4147-2440-499e-b9c9-9e16445810b7,SCOTUS explained by Kimberly Atkins Stohr by Kimberly Atkins,1,2025-08-13 03:06:10.577848,Others,en,,news/d46e4147-2440-499e-b9c9-9e16445810b7.zip
16,4bb0d8d1-08ba-4ca6-ad23-135dd0eb942f,", Mayor Muriel Bowser (center), joined by Chief of Police at the Metropolitan Police Department Pamela Smith (left) and Fire and Emergency Medical Services Chief Chief John Donnelly, at a press conference after President Trump announced a federal takeover",1,2025-08-13 15:03:16.171601,Others,en,,news/4bb0d8d1-08ba-4ca6-ad23-135dd0eb942f.zip
21,70b4e763-3aa3-437e-a453-abd47ec490e9,"Freddie and I are going to a fall wedding, and the dress code is “cocktail attire.” The reception will be held at a Brooklyn brewery with views of the Statue of Liberty. Here’s what I’m thinking…",1,2025-08-13 15:39:32.216789,Others,en,,news/70b4e763-3aa3-437e-a453-abd47ec490e9.zip
29,4ced656b-a9d1-441f-aa2d-7fe25df2949a,"Support nonprofit, nonpartisan news in Newton. GIVE TODAY.",1,2025-08-13 18:44:47.435529,Others,en,,news/4ced656b-a9d1-441f-aa2d-7fe25df2949a.zip
1049,23b502e9-5f57-4d45-a405-25371adfcea3,ARTICLE : La plus vieille astuce de gestion vient de cesser de fonctionner au troisième trimestre ou « cela permet de réduire les coûts de 2 millions de dollars d'ici décembre ». Ils affirment que le projet permettra d'obtenir de meilleurs résultats. Finalement. Une fois que c'est fait. La structure de rémunération ne fait qu'empirer les choses. Les données du secteur montrent que 30 % des responsables informatiques reçoivent une prime d'achèvement de projet spécifique. Pas de croissance des revenus. Pas de réduction des coûts. Finalisation du projet. Le système prend littéralement en charge l'expédition du projet,1,2026-05-28 22:27:40.529731,Business and Investment,en,,news/23b502e9-5f57-4d45-a405-25371adfcea3.zip
1050,0f7eacb9-2a49-41be-aa13-8671b94bb854,СОДЕРЖАНИЕ: Стивен Мессер «Самый старый трюк в управлении только что перестал работать». 28 мая 2026 года,1,2026-05-28 22:27:46.242337,Technology,en,,news/0f7eacb9-2a49-41be-aa13-8671b94bb854.zip
1051,98679eed-d7f8-4653-b4b7-fe692ac4703d,CONTENU : La plus vieille astuce de gestion vient de cesser de fonctionner par Stephen Messer 28 mai 2026,1,2026-05-28 22:27:48.16758,Technology,en,,news/98679eed-d7f8-4653-b4b7-fe692ac4703d.zip
1052,2723e285-e4aa-4768-9981-ee6248104bd7,"The PE multiplier accelerates this: Anthropic, OpenAI, Google, and Collective[i] are all partnering with major PE firms to deploy AI transformation playbooks across thousands of portfolio companies simultaneously, with 95% of PE funds reporting AI initiat",1,2026-06-02 00:36:24.404694,Technology,en,,news/2723e285-e4aa-4768-9981-ee6248104bd7.zip
1054,ee72a68b-c9e5-4636-9f23-048478a16ba4,"Analysis of 500+ verified reviews across Gartner and G2: 67% of enterprise Einstein implementations faced significant adoption challenges within six months, 43% failed to achieve projected ROI within 12 months, 89% of problems traced to data quality",1,2026-06-02 00:50:04.116217,Technology,en,,news/ee72a68b-c9e5-4636-9f23-048478a16ba4.zip
1055,691c9451-bbad-4e52-bf9c-457d7dcc8233,"Анализ более 500 проверенных отзывов компаний Gartner и G2:67% корпоративных внедрений Einstein столкнулись со значительными трудностями при внедрении в течение шести месяцев, 43% не смогли достичь прогнозируемой окупаемости инвестиций в течение 12 месяцев, 89% проблем были связаны с качеством данных",1,2026-06-02 00:50:23.210733,Technology,en,,news/691c9451-bbad-4e52-bf9c-457d7dcc8233.zip
1056,228b694d-4c3b-45aa-a1d9-e936eb1c8fb1,"The SaaS vendors are running aggressive upsell campaigns on top of that — Agentforce, Now Assist, Breeze Intelligence — selling AI tiers into the existing installed base at premium pricing",1,2026-06-02 00:53:50.031275,News and Politics,en,,news/228b694d-4c3b-45aa-a1d9-e936eb1c8fb1.zip
1057,80e3c9f2-f272-4a2d-b7a4-ed46c14be59c,"Кроме того, поставщики SaaS проводят активные кампании по увеличению продаж (Agentforce, Now Assist, Breeze Intelligence), предлагая уровни искусственного интеллекта в существующую установленную базу по премиальным ценам.",1,2026-06-02 00:54:03.173079,News and Politics,en,,news/80e3c9f2-f272-4a2d-b7a4-ed46c14be59c.zip
47,5449abaa-f0d7-4f66-a4b7-0cfacd1202ab,Trump and Putin will meet at an Alaska military base long used to counter Russia by KONSTANTIN TOROPIN and MICHELLE L. PRICE,1,2025-08-14 03:56:25.824453,Others,en,,news/5449abaa-f0d7-4f66-a4b7-0cfacd1202ab.zip
48,3915f80c-6166-48f6-a46a-765781425aa7,"As Harvard nears deal with Trump, some on campus argue for transparency in discussions with the White House by Anjali Huynh, Aidan Ryan and Tal Kopan",1,2025-08-14 15:26:57.050443,Others,en,,news/3915f80c-6166-48f6-a46a-765781425aa7.zip
50,cf7b78fb-c4c7-42b8-8bac-0af4b396992f,"Christine Fisher talks budgets, excellence and a School Committee run by Elizabeth Plese",1,2025-08-14 19:01:12.763441,Others,en,,news/cf7b78fb-c4c7-42b8-8bac-0af4b396992f.zip
53,325506f8-5cc3-4edb-89d3-2731e51bf0e8,"Switzerland Joins Italy, Netherlands, Greece, Portugal and More As UK Issues New Travel Advisory for Summer and Fall 2025: Here’s Everything You Need To Know by [empty]",1,2025-08-17 14:49:19.070214,Others,en,,news/325506f8-5cc3-4edb-89d3-2731e51bf0e8.zip
57,46f670b2-7b4d-46d7-b394-9489ef3266e1,"Switzerland Joins Italy, Netherlands, Greece, Portugal and More As UK Issues New Travel Advisory for Summer and Fall 2025: Here’s Everything You Need To Know",1,2025-08-17 19:34:53.885223,Others,en,,news/46f670b2-7b4d-46d7-b394-9489ef3266e1.zip
61,2b17940a-0983-4294-8cfa-f96832ca03cf,Strengthen hybrid network security with centralized traffic inspection and threat prevention by deploying FortiGate Next-Generation Firewall with AWS Gateway Load Balancer in hybrid cloud environments,1,2025-08-18 01:13:23.330247,Others,en,,news/2b17940a-0983-4294-8cfa-f96832ca03cf.zip
68,5d11a94a-20da-4dca-8d01-04bcad17799b,"free community college presses on, transforming students’ lives by Mara Kardas-Nelson and Diti Kohli Globe Staff",1,2025-08-19 02:41:25.461523,Others,en,,news/5d11a94a-20da-4dca-8d01-04bcad17799b.zip
72,e8a19ddb-8bad-4099-83e7-64ea43e412ff,"free community college presses on, transforming students’ lives by Mara Kardas-Nelson and Diti Kohli Globe Staff",1,2025-08-19 03:38:13.524974,Others,en,,news/e8a19ddb-8bad-4099-83e7-64ea43e412ff.zip
77,202631e6-ef71-4771-9e1d-458ed867f382,This conversation is being recorded: Trump’s hot mic moment is the latest in a long global list,1,2025-08-20 03:21:16.46803,Others,en,,news/202631e6-ef71-4771-9e1d-458ed867f382.zip
81,880f54e1-684e-4099-861c-c2ecd8273c74,"As the pricey weight-loss drugs go mainstream, jealousy and judgment follow by Beth Teitell Globe Staff",1,2025-08-20 15:34:31.254377,Others,en,,news/880f54e1-684e-4099-861c-c2ecd8273c74.zip
83,f4943eed-948c-4c6e-98e4-3a2ac1253813,Wealthy households are driving Boston’s rising income segregation by Katarina Schmeiszer Globe Correspondent,1,2025-08-20 16:18:59.669808,Others,en,,news/f4943eed-948c-4c6e-98e4-3a2ac1253813.zip
85,5d755513-6f15-4c77-9056-3be6df090924,"Miss Hall’s School failed to stop teacher from sexually abusing five students over 20 years, independent investigator finds by John R. Ellement Globe Staff",1,2025-08-20 22:27:40.458674,Others,en,,news/5d755513-6f15-4c77-9056-3be6df090924.zip
130,c5626dec-5985-4ca7-b7f3-6e0443bfc780,1 as the safest to travel to due low crime,1,2025-08-22 19:35:06.533049,Others,en,,news/c5626dec-5985-4ca7-b7f3-6e0443bfc780.zip
131,583cff88-4f31-4f20-b6c9-ef7cbf9ab8d0,Quick Overview Best makeup remover overall Bioderma Sensibio H2O Micellar Water $30 at Amazon Best makeup remover balm Eve Lom the Original Balm Cleanser More options $51 at Amazon Best oil-based makeup remover Medik8 Lipid-Balance Cleansing Oil More opti,1,2025-08-22 19:38:56.560715,Others,en,,news/583cff88-4f31-4f20-b6c9-ef7cbf9ab8d0.zip
137,cc827b4e-683c-4aaa-93b7-a4d58a936522,"(Sylke Rohrlach via Wikicommons) Small but mighty and venomous creatures have caused the closure of tourist beaches for a second time in southeastern Spain this week after they were discovered in the water, local authorities announced Friday by currents a",1,2025-08-22 19:40:01.964745,Others,en,,news/cc827b4e-683c-4aaa-93b7-a4d58a936522.zip
143,e20e6562-6fbf-478b-8791-78d773da79e3,"Kilmar Abrego Garcia released from detention, returning to Maryland Kilmar Abrego Garcia was released from Putnam County Jail in Tennessee on Friday and has been reunited with his family while he awaits trial, according to his attorney by immigration offi",1,2025-08-22 21:30:54.555911,Others,en,,news/e20e6562-6fbf-478b-8791-78d773da79e3.zip
148,06578ca1-c3ca-4905-814c-2bf629fb5058,"22, more than three decades after he and his brother fatally shot their parents in 1989 at their Beverly Hills home A parole commissioner cited Erik's infractions behind bars as part of his denial After a California parole board concluded that Erik Menend",1,2025-08-22 22:23:12.715364,Others,en,,news/06578ca1-c3ca-4905-814c-2bf629fb5058.zip
152,9e0a934c-0eb6-4889-9813-5072b2bb3dd2,0 0 The Daily Rip by Stocktwits Posts Stocktwits Top 25 Week 34 Stocktwits Top 25 Week 34 Our updated list of the market's top stocks by Stocktwits Posts Stocktwits Top 25 Week 34 Stocktwits Top 25 Week 34 Our updated list of the market's top stocks. Kevi,1,2025-08-24 03:42:49.643662,Business and Investment,en,,news/9e0a934c-0eb6-4889-9813-5072b2bb3dd2.zip
161,bf565c51-fa06-48ec-aa2f-bffc9c29e949,"- Charly Triballeau/AFP/Getty Images Reuters August 25, 2025 at 12:05 PM UTC · 3 min read The US Open descended into chaos on Sunday when a photographer came onto the court as Daniil Medvedev faced match point, bringing the first-round match to a standsti",1,2025-08-25 18:23:17.599642,News and Politics,en,,news/bf565c51-fa06-48ec-aa2f-bffc9c29e949.zip
167,cfbb6276-e7e9-4537-95a8-e6220e828981,"/ Credit: David Caprio From his Providence courtroom, he showed the world that justice could be delivered with kindness—a quality that made him an international star by the response since his father's passing and that they have been so touched by the outp",1,2025-08-25 18:23:40.547961,News and Politics,en,,news/cfbb6276-e7e9-4537-95a8-e6220e828981.zip
169,b1bca12a-e822-4ae9-95a6-ef8107b6db21,"Karen Read Aug 11 Norfolk DA requested $1 million from lawmakers for Karen Read prosecution Karen Read Aug 8 Work emails to, from Karen Read DA's personal account are released Karen Read analysis podcast The Latest Karen Read Aug 5 Analysis | What Alan Ja",1,2025-08-25 19:20:35.033074,Technology,en,,news/b1bca12a-e822-4ae9-95a6-ef8107b6db21.zip
173,151f31ce-7e6c-4b38-a915-6c5dabffd5f4,"Dog fatally shot by Boston officers after mauling woman, police say boston police department cruiser Updated: 9:00 PM EDT Aug 25, 2025 Editorial Standards ⓘ Imani Clement Digital Content Editor by Boston officers after mauling woman",1,2025-08-26 01:57:06.857429,Technology,en,,news/151f31ce-7e6c-4b38-a915-6c5dabffd5f4.zip
416,3ee244a4-442b-44c7-a6b1-501bf1c5f929,Nuts.com: Jeff Braverman. From Corner Store to Snacktime Powerhouse,1,2025-10-30 00:17:50.353022,Business and Investment,en,,news/3ee244a4-442b-44c7-a6b1-501bf1c5f929.zip
180,d89709fd-7073-43e2-a07e-1f4fe4d3ccc2,"August 2025 Nicole, Library Director Becca, Public Services Librarian Phyllis, Youth Services Librarian Sarrah, Administrative Assistant Rosemary, Library Assistant Jackie, Library Assistant Rachel, Library Information Assistant Pam, Library Assistant Abb",1,2025-08-26 03:49:41.906989,Education and Learning,en,,news/d89709fd-7073-43e2-a07e-1f4fe4d3ccc2.zip
187,35511a8a-f45a-4055-a143-94e6a65bca03,Getting started Account and login Robinhood Strategies Robinhood Gold Credit Card Robinhood Legend Spending Robinhood Crypto Investing Retirement Robinhood Wallet Robinhood Gold Robinhood Banking Robinhood Derivatives Bank transfers and linking Documents ,1,2025-08-28 17:30:36.099672,Business and Investment,en,,news/35511a8a-f45a-4055-a143-94e6a65bca03.zip
194,d9b77442-f76e-4ecd-93f9-d7c23cb89e1a,"Pros Exfoliates and moisturizes skin Free of parabens, formaldehyde, mineral oil and more Innovative formula is both foamy and creamy Top-quality ingredients Delightful citrus/woodsy scent Cons Fragrance may be too strong for some Pricey than others on ou",1,2025-08-28 19:36:25.213241,Lifestyle and Entertainment,en,,news/d9b77442-f76e-4ecd-93f9-d7c23cb89e1a.zip
195,b3639037-f196-47dc-a924-f8260c00427d,"The two children, aged eight and 10, were killed when an attacker opened fire through the windows of the city's Annunciation Church on Wednesday morning as children were celebrating Mass by police as 23-year-old Robin Westman. Authorities have not yet rel",1,2025-08-28 19:36:42.800046,Business and Investment,en,,news/b3639037-f196-47dc-a924-f8260c00427d.zip
203,20d2bfb0-a5ff-4bdc-97ca-091ae27735dd,An Amish woman who told authorities she was testing her faith when she threw her 4-year-old son into an Ohio lake was charged Wednesday with two counts of aggravated murder in the boy's death by late Wednesday afternoon. A message seeking comment was left,1,2025-08-28 19:37:51.133935,Technology,en,,news/20d2bfb0-a5ff-4bdc-97ca-091ae27735dd.zip
210,c10f7599-9fb3-4331-ba99-85be7dc5dce4,"Story by Micah Parsons Billy Heyen August 28, 2025 at 11:43 PM UTC · 1 min read Packers' Micah Parsons jersey number could be a dilemma in Green Bay originally appeared on The Sporting News All the new edits of the traded Micah Parsons pictured in a Green",1,2025-08-29 15:08:57.078904,Lifestyle and Entertainment,en,,news/c10f7599-9fb3-4331-ba99-85be7dc5dce4.zip
216,29bc1d65-cd8d-45d0-9227-e9021bbea053,Foundation News: Channel 7 Foundation first title sponsor of Making Strides Against Breast Cancer walk Ansin Foundation makes $1M donation to Mass Eye and Ear to develop devices to help deaf people hear Ansin Foundation continues legacy of supporting Char,1,2025-08-29 17:51:14.171324,News and Politics,en,,news/29bc1d65-cd8d-45d0-9227-e9021bbea053.zip
217,62469c67-06c6-48f9-8f7c-8c9eee574a7e,Getting started Account and login Robinhood Strategies About Robinhood Strategies Robinhood Strategies FAQ Robinhood Strategies investment approach Robinhood Strategies charts Robinhood Strategies insights Robinhood Strategies future projection Managed ac,1,2025-09-04 18:41:48.778201,Business and Investment,en,,news/62469c67-06c6-48f9-8f7c-8c9eee574a7e.zip
226,bac6efd2-ec10-4b9e-aa06-3198a0df842b,"Over the past two years, we’ve meticulously crafted a curated Barrel Program in collaboration with select partners, allowing us to curate unique and unforgettable beverage experiences for our guests by our team through immersive tasting sessions. These ex",1,2025-09-14 00:49:16.297295,Others,en,,news/bac6efd2-ec10-4b9e-aa06-3198a0df842b.zip
232,10e0fd0c-744f-43d1-92c3-410d561b3543,"Skip to content ICE crackdowns intensify across Boston as sanctuary cities face Trump’s latest operation By Associated Press September 16, 2025 Share BOSTON (AP) — Immigrants are being detained while going to work, outside courthouses, and at store parkin",1,2025-09-16 13:55:21.461175,News and Politics,en,,news/10e0fd0c-744f-43d1-92c3-410d561b3543.zip
238,7e8b11e1-66fc-4fe6-b594-01dbdef148dc,"Share this article: This week, we share API security incidents from across different industries, highlighting the common vulnerabilities that continue to surface, from government web portals and security platforms to industrial equipment, home devices, an",1,2025-09-17 22:12:19.434608,News and Politics,en,,news/7e8b11e1-66fc-4fe6-b594-01dbdef148dc.zip
242,f56e2dd9-3098-48cf-9eaf-8047e19259f9,"I was, like, crying and crying and crying, just because I was just getting really nervous with you know, the whole album rollout,” she said, referring to her forthcoming sophomore album, “Am I the Drama by Associated Press September 17",1,2025-09-17 22:13:21.161108,Lifestyle and Entertainment,en,,news/f56e2dd9-3098-48cf-9eaf-8047e19259f9.zip
451,aa85f980-ec6f-4429-aaae-8a7905a710f2,Advice Line with Niraj Shah of Wayfair,1,2025-10-31 17:29:44.371558,Technology,en,,news/aa85f980-ec6f-4429-aaae-8a7905a710f2.zip
471,ef76f07c-f8b7-4098-97f2-b2688522c83a,"Some of the online ads you are served may be based on the content of the page you’re visiting, some may be based on registration information you provide, and other ads may be customized based on predictions about your interests generated from your visits ",1,2025-11-04 16:25:05.014501,Technology,en,,news/ef76f07c-f8b7-4098-97f2-b2688522c83a.zip
506,ee36e6d3-736f-4219-986f-2cc1be5ecb85,"Share This Story On: Get story alerts twice a week: * indicates required Email Address * First Name * Last Name * Related Posts Decision Day: What to know as you head to the polls November 3, 2025 Ruderman Family Foundation sues media company that refused",1,2025-11-05 01:52:07.776307,Lifestyle and Entertainment,en,,news/ee36e6d3-736f-4219-986f-2cc1be5ecb85.zip
509,5fcafa0b-2ad3-4d37-832d-c8eb2e3f4604,ARTICLE: Snapshots: Smashing pumpkins at Newton City Hall - Newton Beacon by Bryan McGonigle It’s been an intense year for many. And there’s something about eviscerating a pumpkin that helps get that stress out. Green Newton,1,2025-11-05 01:52:32.41557,Technology,en,,news/5fcafa0b-2ad3-4d37-832d-c8eb2e3f4604.zip
525,e06d4dba-b7ca-4825-9d94-edcb07a2a46a,ARTICLE: Quora Content by the house 🏡 and chilling out with me enjoying a few drinks or something like this and was always polite and respectful to me and whoever was around. One night he went to the bathroom and came out totally nude and he asked if I wo,1,2025-11-05 20:07:33.425672,Others,en,,news/e06d4dba-b7ca-4825-9d94-edcb07a2a46a.zip
554,dbf1839a-841b-4fea-bf30-41cd7143c7d0,"She was a new mom, writing code during nap time to solve her own problem: a modern registry that let you mix products from anywhere-and ask for practical help, like a month of diaper service or a friend to walk your dog by store and felt your heart rate s",1,2025-11-07 04:25:01.827177,Education and Learning,en,,news/dbf1839a-841b-4fea-bf30-41cd7143c7d0.zip
584,5d1358f7-7610-46cb-b2ee-d3d385032916,"While openers have this mad advantage of piling on the runs with most overs at their disposal, I’d say Suryakumar Yadav, coming lower down the order and scoring 25+ in sixteen consecutive innings at a high strike r…",1,2025-11-07 16:17:44.87985,Business and Investment,en,,news/5d1358f7-7610-46cb-b2ee-d3d385032916.zip
591,bf890d66-6815-49ff-9b8f-c965ce014f00,ARTICLE: Public opinion mixed on Elliot Street raised bike lane - Newton Beacon by Christian Maitre Alongside the intersection of Mechanic and Elliot streets are two raised bike lanes. The lanes jut out a few feet on both sides of a sharply curved section,1,2025-11-08 17:26:11.918555,Technology,en,,news/bf890d66-6815-49ff-9b8f-c965ce014f00.zip
609,f44b040e-89ee-45ca-8fd6-3c1a5d9c21fd,State of emergency lifted in Amherst following apartment fire that displaced more than 230 residents Siege of Boston 250 years ago is mostly forgotten but may have been city’s most challenging time Mamdani’s victory inspires ‘hope’ among New England Musli,1,2025-11-10 06:21:28.01261,News and Politics,en,,news/f44b040e-89ee-45ca-8fd6-3c1a5d9c21fd.zip
615,28cdc0ba-eb64-4528-ad8e-2a477267f97b,ARTICLE: Trump unveils deal to expand coverage and lower costs on obesity drugs by the Trump administration to rein in soaring drug prices in its efforts to address cost-of-living concerns among voters. Pfizer and AstraZeneca recently agreed to lower the ,1,2025-11-10 22:10:50.34695,Education and Learning,en,,news/28cdc0ba-eb64-4528-ad8e-2a477267f97b.zip
623,5af6ab00-e4e8-4e3a-b430-7fa026567d10,"JoNel Aleccia/Associated Press Medicare coverage: limited eligibility and uncertain access Medicare, the government-run health insurance for seniors, doesn’t cover GLP-1s for weight loss, with an exception for people who also have conditions like heart pr",1,2025-11-12 03:29:01.820748,News and Politics,en,,news/5af6ab00-e4e8-4e3a-b430-7fa026567d10.zip
630,194f7b54-8a83-4398-aa63-9bea8ed32d40,"Investigations Obituaries Death Notices Games & Puzzles Align Crossword Mini Crossword KenKen Sudoku Word Flower Business Technology Economy Housing Real Estate Biotech The Fine Print Bold Types Politics Money, Power, Inequality Climate Spotlight Opinion ",1,2025-11-12 05:06:37.868707,Lifestyle and Entertainment,en,,news/194f7b54-8a83-4398-aa63-9bea8ed32d40.zip
632,d6ba0ec5-16e4-413e-afb6-60cbc37a1eed,"But a strong upper-level low will support consistent gusty winds, which will send wind chills plunging another 10 to 15 degrees colder than the actual readings — making the morning feel like the 20s in Southern New England and teens up north",1,2025-11-12 05:06:52.300212,Education and Learning,en,,news/d6ba0ec5-16e4-413e-afb6-60cbc37a1eed.zip
635,69a14821-e25e-4987-af31-8cdca50797e0,ARTICLE: Why is Seth Moulton running against Ed Markey by also arguing a need for generational change. That contest sparked a nasty battle that split Democrats’ loyalties in Massachusetts and Washington. Moulton’s move will also likely set off a fierce co,1,2025-11-12 05:07:08.790022,News and Politics,en,,news/69a14821-e25e-4987-af31-8cdca50797e0.zip
643,172aae7a-b327-4aaa-9ac6-381d45027887,Advocates call for more ‘millionaires tax’ money to be spent on higher education Former Healey aide LaMar Cook granted bail in cocaine trafficking case RI EDUCATION Providence elementary school librarian arrested after allegedly hitting student BU student,1,2025-11-13 17:22:21.625682,Education and Learning,en,,news/172aae7a-b327-4aaa-9ac6-381d45027887.zip
653,4f54ebee-eb9b-4999-872c-edcb1ee0f7f0,", more snow showers up north as cold trend drags on across the region by the time you head home. Thursday night will bring some clouds with temperatures in the 30s during the game. Boston Globe Wind chills will drop to near or below freezing Thursday nigh",1,2025-11-13 17:55:02.975879,Lifestyle and Entertainment,en,,news/4f54ebee-eb9b-4999-872c-edcb1ee0f7f0.zip
762,3630cf46-b983-4ced-8d89-284ebde43549,"Nvidia CEO sees AI transformation while skeptics count the risks ago World at Work category Verizon cutting more than 13,000 jobs as it restructures ago Global tech shares falter as Nvidia-led rally stalls ago Business category Wall Street turns lower as ",1,2025-11-20 18:44:49.254493,Business and Investment,en,,news/3630cf46-b983-4ced-8d89-284ebde43549.zip
780,b05e41ce-9b97-4126-9fd0-7176d24239b4,Contact Customer Care COMMON TOPICS Help logging in Update payment info Change delivery address Report delivery problem Explain my bill Cancel Subscription News and Editorial Send a Confidential News Tip Report an Error in Coverage Send Coverage Feedback ,1,2025-11-25 18:53:36.510045,Technology,en,,news/b05e41ce-9b97-4126-9fd0-7176d24239b4.zip
794,a977c606-5b0c-4405-aef7-7fc13e4ef3e5,"A $100,000 robot dog is becoming standard in policing — and raising ethical alarms The 75-pound, German Shepherd-sized robot is increasingly being deployed by local law enforcement to handle armed standoffs, hostage rescues, and hazardous materials incide",1,2025-11-27 01:38:32.380828,Technology,en,,news/a977c606-5b0c-4405-aef7-7fc13e4ef3e5.zip
810,c60ebccc-9ba5-4fb5-abba-0558dd7746ff,"CONTENT: Events Home Delivery Digital Subscriptions Group Subscriptions & Partnerships Technical Help Company Information Help Finding Something Suggestions/Comments Customer Service Hours (Monday-Friday 7 AM-8 PM, Saturday and Sunday 8 AM-3 PM)",1,2025-11-27 04:55:02.22684,Technology,en,,news/c60ebccc-9ba5-4fb5-abba-0558dd7746ff.zip
834,4fb2e7b3-4d97-4c14-b727-285b2b73b408,AUTHENTICATED ARTICLE: Boston Globe Article by our suffering. Blackness must not be defined by our brutalization. We are more than death. When we are depicted by our extremes,1,2025-11-27 20:58:02.901768,Business and Investment,en,,news/4fb2e7b3-4d97-4c14-b727-285b2b73b408.zip
851,6f61dd91-a9cf-4342-a8ef-9a047fd3edb0,AUTHENTICATED ARTICLE: Boston Globe Article by the International Union for Conservation of Nature due to increased law enforcement and habitat protection. That has led to dramatic increase in its numbers.,1,2025-11-30 17:38:17.738793,News and Politics,en,,news/6f61dd91-a9cf-4342-a8ef-9a047fd3edb0.zip
863,9e769d78-b915-4e5e-9a7b-e29388f2196a,AUTHENTICATED ARTICLE: Boston Globe Article by the number of construction cranes in the sky. Michelle Wu has been trumpeting another metric: The number of residents with good-paying jobs. Wu’s approach to growing the economy has been a departure from her ,1,2025-12-01 18:32:46.386697,Business and Investment,en,,news/9e769d78-b915-4e5e-9a7b-e29388f2196a.zip
881,c35a7f3d-66a2-4666-a465-d3b86e009969,Little Johnny then asks for one more cõndõm because he thinks his girlfriend's mum is pretty cute and she might be expecting something since she invited him for dinner in the first place,1,2025-12-05 18:06:25.813578,Business and Investment,en,,news/c35a7f3d-66a2-4666-a465-d3b86e009969.zip
906,b77266ac-e8f3-4a70-ba98-9294927cc1df,ARTICLE: MassDOT files lawsuit against company over 2022 Newton crash - Newton Beacon by one of its drivers that damaged the Auburn Street I-90 overpass in Newton. The state had to not only repair the bridge,1,2025-12-22 18:00:18.021868,News and Politics,en,,news/b77266ac-e8f3-4a70-ba98-9294927cc1df.zip
660,aba26cdb-6403-4830-836b-1eeb36122ea5,"_VJwg[ɚǓt;*J֕>5ޢbuq,{)Qp gW5ѿeo2m[R""oU][aRɚJ߮AN֍U/W3GPwUnWwyUrJUH7ֺ>ngz8q_W,D]%^DzVɇ)ηޒI|ˬz~5R jToJgg冪QgnAU\R>X5\ڻٿ}}mRP5 pzE0XY](̷ޒI|O&(TXu+:{",1,2025-11-13 19:17:21.183917,Business and Investment,en,,news/aba26cdb-6403-4830-836b-1eeb36122ea5.zip
661,fd237c1e-abf0-4b7c-b120-2d46b85c25fc,qs=48cc5cd6e4191b69a0689eb7bad567391e19b1af828bef9317ffa43f142642bf0b4a30bedf97f148d69925ba7d78312f7bc6a838c68b3c3358dc1592ecfe90d9507cda00d8128ae41be82164ea8c95a99eac5c3445cf8d5b149c426711e95931,1,2025-11-13 19:31:35.800674,Technology,en,,news/fd237c1e-abf0-4b7c-b120-2d46b85c25fc.zip
665,4ac2e27b-345c-4bb1-a65f-b02eef7d5fa7,"President Trump, faced with the likelihood that many House Republicans will vote this week to force his administration to release documents related to the sex offender Jeffrey Epstein, reversed course and said they should do so because “we have nothing to",1,2025-11-17 15:17:00.499517,News and Politics,en,,news/4ac2e27b-345c-4bb1-a65f-b02eef7d5fa7.zip
672,73420bb2-b1b7-42ae-abd9-f6c4c7beb64a,"Speaking to the Greater Boston Chamber of Commerce in the Seaport offices of law firm Nutter, McClennen & Fish, Neal called the record-length shutdown an “unfortunate outcome” but said the health care subsidies at the crux of the Republican-Democrat dispu",1,2025-11-17 15:21:00.00644,News and Politics,en,,news/73420bb2-b1b7-42ae-abd9-f6c4c7beb64a.zip
682,2549dc5e-fec4-420b-a3a9-46eb74be2486,AUTHENTICATED ARTICLE: Boston Globe Article by the lessons he’s learned on his record-setting quest. Cooper read the drafts and offered suggestions.) When they tell the story of their friendship,1,2025-11-18 02:44:55.079018,Others,en,,news/2549dc5e-fec4-420b-a3a9-46eb74be2486.zip
688,d1f953ee-0d16-4d47-af94-25a5d1b935b6,"Featured speakers included Endeavor Catalyst Managing Partner Allen Taylor, Golden Gate Ventures Partner Michael Lints, CNBC 'Mad Money' Host Jim Cramer, JPMorgan Managing Director Anu Aiyengar, The House of Suntory President Masaki Morimoto, and Head of ",1,2025-11-19 03:25:55.155695,Business and Investment,en,,news/d1f953ee-0d16-4d47-af94-25a5d1b935b6.zip
689,d8ca6c2f-0e5f-4d22-84c8-bb59290e133b,"Featured speakers included Endeavor Catalyst Managing Partner Allen Taylor, Golden Gate Ventures Partner Michael Lints, CNBC 'Mad Money' Host Jim Cramer, JPMorgan Managing Director Anu Aiyengar, The House of Suntory President Masaki Morimoto, and Head of ",1,2025-11-19 03:57:29.389298,Business and Investment,en,,news/d8ca6c2f-0e5f-4d22-84c8-bb59290e133b.zip
696,9c31006d-f7ab-4dcf-833b-55dc50d5fb6c,모든 제품 뉴스 보기 산업별 뉴스를 찾거나 귀하에게 가장 중요한 토픽을 검색하십시오 자동차 & 교통 비즈니스 & 금융 엔터테인먼트 & 미디어 사회 & 문화 정책 & 공익 소비자 기술 모든 분야 & 토빅 보기 특집 분야 업계 최고인 당사 제품을 통해 배포된 기사 중 선택된 특집기사 금융 서비스 &투자 전체 보기 건강 전체 보기 여행 전체 보기 모든 특집기사,1,2025-11-19 03:59:02.963141,Technology,en,,news/9c31006d-f7ab-4dcf-833b-55dc50d5fb6c.zip
709,f3a9cff6-8b84-44f6-8697-a426d7f205a5,I think the Israeli public finds it entirely credible that Hezbollah is trying to rebuild its capabilities after the 2024 war and is in favor of airstrikes — although Israel would be happier if it could count on the Lebanese government to disable Hezbolla,1,2025-11-20 16:56:09.423395,News and Politics,en,,news/f3a9cff6-8b84-44f6-8697-a426d7f205a5.zip
766,a9ac1b11-7a9d-4c9c-80ec-cbc46c69930f,"Industries and organizations we serve Corporations Government Legal News & media Professional services firms Tax & accounting Work that matters inside thomson reuters Unlocking the Power of AI: Our First Enterprise-Wide Learning Day • Chris Louie, Head of",1,2025-11-20 18:45:15.534293,News and Politics,en,,news/a9ac1b11-7a9d-4c9c-80ec-cbc46c69930f.zip
788,73019dac-8aa0-4099-afed-3f7df41c129e,"Some of the online ads you are served may be based on the content of the page you’re visiting, some may be based on registration information you provide, and other ads may be customized based on predictions about your interests generated from your visits ",1,2025-11-27 00:47:53.800093,Technology,en,,news/73019dac-8aa0-4099-afed-3f7df41c129e.zip
803,84273809-485e-4225-b3e1-832986474440,CONTENT: The system is temporarily unavailable,1,2025-11-27 04:01:12.242687,Technology,en,,news/84273809-485e-4225-b3e1-832986474440.zip
817,c4fa48a6-2753-4e4a-ab43-826733aae886,AUTHENTICATED ARTICLE: Boston Globe Article by a lack of public input in the project reflect his singular belief in himself as a tastemaker and obsessive attention to detail. In the first 10 months of his second term,1,2025-11-27 18:24:55.098286,News and Politics,en,,news/c4fa48a6-2753-4e4a-ab43-826733aae886.zip
839,45c8da1a-4757-4123-9adc-ea8078b5b717,AUTHENTICATED ARTICLE: Boston Globe Article by the Agriculture Department. Officials have characterized the plan as part of an effort to save taxpayer dollars and bring the agency closer to farmers and rural communities. Critics argue that the move will p,1,2025-11-28 15:01:52.62257,News and Politics,en,,news/45c8da1a-4757-4123-9adc-ea8078b5b717.zip
853,57528fef-eef0-469c-b1e2-fca5cef46f32,"Read full story Newton Highlands Village Enhancement project gets pushback from area council After two years of planning, and around half a million dollars invested, the City Council approved the Newton Highlands Village Enhancement Project with a 20-2 vo",1,2025-11-30 18:15:42.44035,News and Politics,en,,news/57528fef-eef0-469c-b1e2-fca5cef46f32.zip
873,a6cedbaa-b0ac-43b5-9c10-9a46ecdb721a,"ARTICLE: These two guys in Eastern Massachusetts set world records over and over, and became close friends along the way by the lessons he’s learned on his record-setting quest. Cooper read the drafts and offered suggestions.) When they tell the story of ",1,2025-12-05 18:04:57.425974,Others,en,,news/a6cedbaa-b0ac-43b5-9c10-9a46ecdb721a.zip
889,cd202357-8dd1-4ed2-8a04-0ebc0371a01d,"A Podcast Turducken: With Wow in the World, Terrestrials and Circle Round (11/17/25)",1,2025-12-22 16:51:52.810018,Technology,en,,news/cd202357-8dd1-4ed2-8a04-0ebc0371a01d.zip
912,4fa4ec99-b7cc-44fa-9156-cf3112f56493,СТАТЬЯ: Пять развлечений в Ньютоне в эти выходные: Newton Beacon от ваших соседей и фондов,1,2025-12-22 21:24:27.472888,Business and Investment,en,,news/4fa4ec99-b7cc-44fa-9156-cf3112f56493.zip
928,907a2702-6f16-473e-b4a3-5997795d56b4,文章：奥利弗宣布市议会委员会任务——丹·阿特金森的《牛顿灯塔》牛顿市议会议长当选人约翰·奥利弗和副总统戴维·卡利斯（最近当选连任）宣布了他们对市议会各委员会的选拔。“我们相信我们已经实现了视角的平衡,1,2025-12-24 02:36:00.28129,News and Politics,en,,news/907a2702-6f16-473e-b4a3-5997795d56b4.zip
718,d42f274e-4053-4e13-899f-d7247760bec1,AUTHENTICATED ARTICLE: Boston Globe Article by his mother outside of Stacy Middle School in Milford. Three weeks later,1,2025-11-20 17:45:01.092184,Technology,en,,news/d42f274e-4053-4e13-899f-d7247760bec1.zip
720,8512819f-66f5-4467-8126-78e62fcdefae,"CONTENT: FAQ Topics Events Home Delivery Digital Subscriptions Group Subscriptions & Partnerships Technical Help Company Information Help Finding Something Suggestions/Comments Customer Service Hours (Monday-Friday 7 AM-8 PM, Saturday and Sunday 8 AM-3 PM",1,2025-11-20 17:45:48.088463,Technology,en,,news/8512819f-66f5-4467-8126-78e62fcdefae.zip
728,eb883cfc-b99f-490e-8c34-9ea6f77708a9,Regina Spektor: From Temping as a Receptionist to Your Favorite Artist's Favorite Artist,1,2025-11-20 18:08:14.269617,Lifestyle and Entertainment,en,,news/eb883cfc-b99f-490e-8c34-9ea6f77708a9.zip
736,0378608d-46e4-4df5-b76d-27bd7e7c85b8,Magnolia: Chip & Joanna Gaines. From House Flipping to Household Name,1,2025-11-20 18:17:14.905104,Lifestyle and Entertainment,en,,news/0378608d-46e4-4df5-b76d-27bd7e7c85b8.zip
773,8d0cd606-f985-4759-9886-ed68340bc3b1,ARTICLE: Pentagon Opens Inquiry Into Senator Mark Kelly Over What Hegseth Calls ‘Seditious’ Video by SKIP ADVERTISEMENT Pentagon Opens Inquiry Into Senator Mark Kelly Over What Hegseth Calls ‘Seditious’ Video The defense secretary called the senator’s rem,1,2025-11-25 18:29:47.04451,News and Politics,en,,news/8d0cd606-f985-4759-9886-ed68340bc3b1.zip
792,ba69f683-1062-4267-afc8-87632d43e07c,"Some of the online ads you are served may be based on the content of the page you’re visiting, some may be based on registration information you provide, and other ads may be customized based on predictions about your interests generated from your visits ",1,2025-11-27 01:13:13.924469,Technology,en,,news/ba69f683-1062-4267-afc8-87632d43e07c.zip
804,40d1c36b-2e71-45a0-b97a-3090c9d89210,"CONTENT: Wednesday, November 26, 2025 Read online Today's Business Headlines Campbell’s fires executive who said company’s products are for ‘poor people’ A former employee recorded the executive making racist comments and mocking the company’s products an",1,2025-11-27 04:43:47.452779,Business and Investment,en,,news/40d1c36b-2e71-45a0-b97a-3090c9d89210.zip
821,aa8c85a7-c869-4d15-8092-07f1c8822f3b,AUTHENTICATED ARTICLE: Boston Globe Article by nearly 100 percent and e-scooter injuries increased by more than 45 percent annually. Advertisement The trauma we see as doctors includes massive head and facial injuries,1,2025-11-27 18:26:18.540366,Education and Learning,en,,news/aa8c85a7-c869-4d15-8092-07f1c8822f3b.zip
850,42c09237-f076-406b-8d60-3c566d480965,AUTHENTICATED ARTICLE: Boston Globe Article by teeth,1,2025-11-30 17:37:49.647281,Technology,en,,news/42c09237-f076-406b-8d60-3c566d480965.zip
856,6d786601-5e91-470b-80b3-3620847b6f1b,"ARTICLE: Proposed alcohol tax aims to fund recovery efforts, but restaurants warn of added costs - Newton Beacon by Newton’s state senator would give Massachusetts cities and towns the option to increase taxes on alcohol sales to fund local addiction prev",1,2025-11-30 18:16:07.180453,News and Politics,en,,news/6d786601-5e91-470b-80b3-3620847b6f1b.zip
880,4b25b388-d7de-42e2-a34b-99f3b7920551,ARTICLE: City of Quincy dedicates new park to hometown president John Quincy Adams by sculptor Sergey Eylanbekov. He also created the city’s statues of John Hancock,1,2025-12-05 18:06:06.567328,News and Politics,en,,news/4b25b388-d7de-42e2-a34b-99f3b7920551.zip
893,f2555401-c467-45a3-814a-a0e9c4c6c986,"ARTICLE: Coalition of Boston churches, community leaders rally to fight food insecurity, pass out over 350 turkeys by the federal government created a great deal of anxiety and fear",1,2025-12-22 16:52:39.789349,News and Politics,en,,news/f2555401-c467-45a3-814a-a0e9c4c6c986.zip
915,2dc76348-d6d6-4f34-9080-adc6b7666434,"СТАТЬЯ: MassDot подала иск против компании в связи с аварией на Ньютон-Биконе в 2022 году одним из водителей, которая повредила эстакаду I-90 на Оберн-стрит в Ньютоне. Государству пришлось не только отремонтировать мост",1,2025-12-24 01:17:33.288062,News and Politics,en,,news/2dc76348-d6d6-4f34-9080-adc6b7666434.zip
937,86b5c0c0-150b-424c-869e-aee0f6d54b6e,"Мексика, Перу и Эфиопия также поддерживают это движение, предлагая путешественникам возможность воочию увидеть, как производится органический кофе и как экологически безопасные методы приносят пользу местным сообществам, предлагая незабываемые впечатления от кофе. Каков результат? Путешествие, позволяющее путешественникам глубже погрузиться в землю",1,2025-12-24 22:25:58.237698,Technology,en,,news/86b5c0c0-150b-424c-869e-aee0f6d54b6e.zip
948,c1b1a3e8-5be4-4242-ab16-677dd5de6ad9,"2007 On September 20, 2007, the Canadian dollar reached parity with the US dollar for the first time in close to 31 years, with a 62% rise in less than six years driven in part by record high prices for oil and other commodities by 1972. 1974 On April 24",1,2025-12-25 03:18:38.60066,News and Politics,en,,news/c1b1a3e8-5be4-4242-ab16-677dd5de6ad9.zip
955,68603845-f58a-4342-b988-0d7aa2ff4e4d,"СОДЕРЖАНИЕ: Стратегический обмен мнениями «Беседа с Питером Малдауни» в разделе «Планы и трасты» 7 октября 2025 г. Питер Малдауни, старший вице-президент и руководитель отдела институциональной стратегии и стратегии с участием нескольких активов, рассказал изданию Plans & Trusts о роли эмоционального интеллекта (EQ) в формировании культуры совета директоров и повышении эффективности",1,2025-12-25 03:21:17.717173,News and Politics,en,,news/68603845-f58a-4342-b988-0d7aa2ff4e4d.zip
956,81c6667f-f556-4980-b01e-450788cd0932,СТАТЬЯ: Тенденции в распределении активов: зарождение комплексного портфельного подхода Питера Малдауни На протяжении десятилетий,1,2025-12-25 03:21:20.571532,Business and Investment,en,,news/81c6667f-f556-4980-b01e-450788cd0932.zip
1023,40cf1b38-16b3-4772-8aeb-7fb1262055c6,ARTICLE: The Trade-Off Nobody Is Making by 1930. The technology that was supposed to eliminate the industry expanded it fourfold. This pattern has repeated so consistently across two centuries that economists stopped being surprised by it. The history is ,1,2026-05-28 21:15:15.132483,Technology,en,,news/40cf1b38-16b3-4772-8aeb-7fb1262055c6.zip
958,d0729565-1d38-44da-a30c-b19934928df6,"2007 20 сентября 2007 года канадский доллар впервые почти за 31 год достиг паритета с долларом США. Менее чем за шесть лет он вырос на 62%, что отчасти было вызвано рекордно высокими ценами на нефть и другие сырьевые товары к 1972 году. 1974 год 24 апреля",1,2025-12-25 03:21:32.931768,News and Politics,en,,news/d0729565-1d38-44da-a30c-b19934928df6.zip
960,b315990b-2feb-48cb-b3fc-baca13995aa2,"В этом году человеческие желания, отражающие вечные потребности, сосредоточены на безопасности и стабильности (мир, порядок, здоровье), связях и принадлежности (любовь, семья, община), автономии и власти (свобода, достижения, статус), а также на смысле и росте (знания, цели, самореализация), которые часто усиливаются текущими глобальными событиями, требующими контроля, справедливости и подлинной связи в условиях неопределенности, обусловленной текущими глобальными событиями, требующими контроля",1,2025-12-25 03:38:46.342655,Education and Learning,en,,news/b315990b-2feb-48cb-b3fc-baca13995aa2.zip
971,7614c6c4-733f-4018-8f9c-bc042a8aebe1,"ОРГАНИЗАЦИЯ ПРОГРАММНОГО ОБЕСПЕЧЕНИЯ ОРГАНИЗАЦИЯ, ОРИЕНТИРОВАННАЯ НА РАЗВЕДКУ Данные хранятся в 8-12 отдельных системах Брокеры информации переводят информацию между инструментами Менеджеры существуют для передачи статуса вверх Ответы на вопросы совета директоров занимают недели Каждый вопрос создает мини-проект Аналитика — отстающий индикатор Удаленная работа угрожает видимости Иерархия, необходимая для управления информационным потоком Лучшие таланты терпимо относятся к политике Одна система постоянно наблюдает за всем Агенты автоматически обрабатывают перевод Состояние поверхностей интеллекта без подсказок Ответы доступны мгновенно, с контекст Результаты улучшаются рекурсивно и автоматически Прогнозирование — главный показатель: удаленная работа укрепляет модель. Иерархия сглаживается — слои не приносят пользы. Лучшие таланты привлекаются к высококвалифицированной работе. Организационные последствия не видны письменно и занимают несколько дней.",1,2026-05-24 21:34:22.587923,Technology,en,,news/7614c6c4-733f-4018-8f9c-bc042a8aebe1.zip
1007,34530db5-f223-4756-bbbf-48d403eef85e,"Организации, у которых остались хоть капли человеческого фактора, видят, что преимущества не только уменьшились, но и обратили вспять — они оказались ниже того, с чего они начинали, поскольку стоимость и сложность инструментов растут, а узкое место, ограничивающее скорость искусственного интеллекта, сохраняется. К концу 2025 года — его первому полному году в бизнесе — доход Medvi составил 401 миллион долларов. Рентабельность чистой прибыли: 16,2%. Его единственный наемный работник: брат. Газета «Нью-Йорк Таймс» проверила финансовые показатели. Сейчас ожидается, что в 2026 году он заработает 1,8 миллиарда долларов. Для сравнения",1,2026-05-26 13:40:54.093403,Technology,en,,news/34530db5-f223-4756-bbbf-48d403eef85e.zip
1024,2b03a553-79dc-4e15-8120-e1689eadf843,"4M US jobs, 18% of GDP (IAB) · Solar PV installer job growth projected at 42% through 2034 (BLS) · WEF Future of Jobs Report 2025: 170M new jobs, 92M eliminated, net +78M by 2030 · Nuclear construction median wage 116% above national average (NEI) · LinkS",1,2026-05-28 21:15:24.498837,Business and Investment,en,,news/2b03a553-79dc-4e15-8120-e1689eadf843.zip
1026,0fd7e7ee-5c21-4910-a041-fa7c83e4ec60,"4 миллиона рабочих мест в США, 18% ВВП (IAB) · Прогнозируется, что к 2034 году рост рабочих мест среди установщиков солнечных фотоэлектрических установок составит 42% (BLS) · Отчет ВЭФ о будущем рабочих мест за 2025 год: 170 миллионов новых рабочих мест, 92 миллиона упраздненных, чистая прибыль +78 миллионов к 2030 году · Средняя заработная плата в атомном строительстве на 116% выше средней по стране (NEI) · LinkShare основана в 1996 году; экономика партнерского маркетинга сейчас во всем мире оценивается в несколько сотен миллиардов долларов",1,2026-05-28 22:25:27.502079,Business and Investment,en,,news/0fd7e7ee-5c21-4910-a041-fa7c83e4ec60.zip
1028,b0b2b4a6-82a0-4dd6-822c-fb33d9bd11e7,"СТАТЬЯ: Компромисс, на который никто не пойдет к 1930 году. Технология, которая должна была уничтожить отрасль, расширила ее в четыре раза. Эта закономерность так постоянно повторялась на протяжении двух столетий, что экономистов она перестала удивлять. История есть. Вопрос в том, читаем ли мы её. Но самый веский аргумент вовсе не касается рабочих мест. Дело в том, что происходит со стоимостью всего остального. Что происходит со стоимостью всего остального? Дискуссия об искусственном интеллекте и создании рабочих мест почти полностью посвящена проблеме перемещения населения из бухгалтерской книги. Издержки редко моделируются. Вот как выглядят затраты в секторах, где автоматизация наиболее развита. Просмотрите этот список и спросите: материализуется ли хотя бы половина этих кривых дефляции в течение следующего десятилетия",1,2026-05-28 22:25:40.086764,Technology,en,,news/b0b2b4a6-82a0-4dd6-822c-fb33d9bd11e7.zip
1032,c8d776bd-154c-4013-9c05-28efa7eb7797,"СТАТЬЯ: Программное обеспечение уничтожено агентами. Он отметил, что Salesforce создавала его два с половиной года. Это означает, что они начали создавать архитектурную замену Agentforce еще до публичного запуска Agentforce. Они отправили продукт. Продали контракты. Одновременно построил замену. Он объявлял об окончании бизнес-модели своей компании. И он оказался прав. Программное обеспечение закончилось. Не как инфраструктура. Ваш контракт с Salesforce завтра не истекает. Но в качестве основной организационной логики, определяющей, как технологии создают конкурентное преимущество",1,2026-05-28 22:26:03.957317,Technology,en,,news/c8d776bd-154c-4013-9c05-28efa7eb7797.zip
1033,51d2d1a0-f414-497f-98b4-7191c5a1d5b8,ARTICLE : Le logiciel est terminé par des agents. Il a indiqué que Salesforce le construisait depuis deux ans et demi. Cela signifie qu'ils ont commencé à créer le remplacement architectural d'Agentforce avant son lancement public. Ils ont expédié le produit. J'ai vendu les contrats. Construit la pièce de rechange simultanément. Il annonçait la fin du modèle économique de sa propre entreprise. Et il avait raison. Le logiciel est terminé. Pas en tant qu'infrastructure. Votre contrat Salesforce n'expire pas demain. Mais en tant que principale logique d'organisation de la manière dont la technologie crée un avantage concurrentiel,1,2026-05-28 22:26:09.698182,Technology,en,,news/51d2d1a0-f414-497f-98b4-7191c5a1d5b8.zip
1038,919c7b19-111a-4235-85a0-98d990b0ea64,"СТАТЬЯ: Bear Case для производителей моделей, увеличенный в 6 раз с нулевой потерей точности и обеспечивающий 8-кратное ускорение внимания на графических процессорах H100. Документ был принят на ICLR 2026. Независимые разработчики создали рабочие реализации в течение 24 часов после публикации. На следующий день запасы чипов памяти упали на 5— 7%. Реакция рынка не заставила себя ждать: если передовые модели смогут работать на одной шестой части памяти без снижения производительности",1,2026-05-28 22:26:36.927959,Technology,en,,news/919c7b19-111a-4235-85a0-98d990b0ea64.zip
1040,bc697a31-cd95-4b72-aa1b-5983298103db,"1: BCG «Устранение разрыва в влиянии искусственного интеллекта» 2025 · 70% инвестиций в ИИ в людей и процессы: анализ лидеров BCG в области искусственного интеллекта 2025 г. · 88% компаний используют ИИ хотя бы в одной функции: McKinsey State AI 2025 · Кристенсен: устойчивое развитие и прорывные инновации: дилемма новатора, издательство Гарвардской школы бизнеса, 1997 · Годин: «Фиолетовая корова», портфель, 2003 · Гроув: «Выживают только параноики», «Валюта», 1996",1,2026-05-28 22:26:49.538383,Business and Investment,en,,news/bc697a31-cd95-4b72-aa1b-5983298103db.zip
1048,9fc8bef6-7d54-4038-b91a-5429c0da66ab,"СТАТЬЯ: Самый старый трюк в управлении только что перестал работать к 3 кварталу или «это позволит сократить расходы на 2 миллиона долларов к декабрю». Они говорят, что проект даст лучшие результаты. В конце концов. После того, как все будет сделано. Структура компенсации только ухудшает ситуацию. Отраслевые данные показывают, что 30% ИТ-руководителей получают специальную премию за завершение проекта. Это не рост доходов. Не снижение затрат. Завершение проекта. Система буквально оплачивает доставку проекта",1,2026-05-28 22:27:34.393733,Business and Investment,en,,news/9fc8bef6-7d54-4038-b91a-5429c0da66ab.zip
1053,d0ff3d11-72bb-4f3c-814b-e27923210eb3,"Множитель PE ускоряет эту задачу: Anthropic, OpenAI, Google и Collective [i] совместно с крупными компаниями, занимающимися инвестициями в сфере прямых инвестиций, внедряют сценарии трансформации ИИ в тысячах портфельных компаний одновременно. 95% фондов PE сообщили, что инициативы в области искусственного интеллекта соответствуют критериям экономического обоснования или превышают их. Один из клиентов ServiceNow затем отказался от ценообразования, основанного на результатах. Они прекрасно знают, что такое арбитраж. Эта математика исправлена. Отчет ServiceNow о прибылях и убытках за 4 квартал 25 финансового года",1,2026-06-02 00:37:30.919751,Technology,en,,news/d0ff3d11-72bb-4f3c-814b-e27923210eb3.zip
